{
	"format_version": "1.21.6",
	"credit": "Made with Blockbench",
	"parent": "block/block",
	"textures": {
		"0": "embers:block/tank_wall",
		"1": "embers:block/plates",
		"2": "embers:block/deep_line_parts",
		"3": "embers_extended:block/duskstone_column_top",
		"particle": "embers:block/tank_wall"
	},
	"elements": [
		{
			"name": "Cube",
			"from": [0, 0, 0],
			"to": [4, 16, 4],
			"faces": {
				"north": {"uv": [0, 0, 4, 16], "texture": "#0"},
				"east": {"uv": [0, 0, 4, 16], "texture": "#0"},
				"south": {"uv": [0, 0, 4, 16], "texture": "#0"},
				"west": {"uv": [0, 0, 4, 16], "texture": "#0"},
				"up": {"uv": [0, 0, 4, 4], "texture": "#0"},
				"down": {"uv": [0, 0, 4, 4], "texture": "#0"}
			}
		},
		{
			"name": "Cube",
			"from": [12, 0, 0],
			"to": [16, 16, 4],
			"faces": {
				"north": {"uv": [0, 0, 4, 16], "texture": "#0"},
				"east": {"uv": [0, 0, 4, 16], "texture": "#0"},
				"south": {"uv": [0, 0, 4, 16], "texture": "#0"},
				"west": {"uv": [0, 0, 4, 16], "texture": "#0"},
				"up": {"uv": [0, 0, 4, 4], "texture": "#0"},
				"down": {"uv": [0, 0, 4, 4], "texture": "#0"}
			}
		},
		{
			"name": "Cube",
			"from": [12, 0, 12],
			"to": [16, 16, 16],
			"faces": {
				"north": {"uv": [0, 0, 4, 16], "texture": "#0"},
				"east": {"uv": [0, 0, 4, 16], "texture": "#0"},
				"south": {"uv": [0, 0, 4, 16], "texture": "#0"},
				"west": {"uv": [0, 0, 4, 16], "texture": "#0"},
				"up": {"uv": [0, 0, 4, 4], "texture": "#0"},
				"down": {"uv": [0, 0, 4, 4], "texture": "#0"}
			}
		},
		{
			"name": "Cube",
			"from": [0, 0, 12],
			"to": [4, 16, 16],
			"faces": {
				"north": {"uv": [0, 0, 4, 16], "texture": "#0"},
				"east": {"uv": [0, 0, 4, 16], "texture": "#0"},
				"south": {"uv": [0, 0, 4, 16], "texture": "#0"},
				"west": {"uv": [0, 0, 4, 16], "texture": "#0"},
				"up": {"uv": [0, 0, 4, 4], "texture": "#0"},
				"down": {"uv": [0, 0, 4, 4], "texture": "#0"}
			}
		},
		{
			"name": "Cube",
			"from": [4, 0, 4],
			"to": [12, 2, 12],
			"faces": {
				"north": {"uv": [0, 8, 8, 10], "texture": "#1"},
				"east": {"uv": [0, 8, 8, 10], "texture": "#1"},
				"south": {"uv": [0, 8, 8, 10], "texture": "#1"},
				"west": {"uv": [0, 8, 8, 10], "texture": "#1"},
				"up": {"uv": [0, 8, 8, 16], "texture": "#1"},
				"down": {"uv": [0, 8, 8, 16], "texture": "#1"}
			}
		},
		{
			"name": "Cube",
			"from": [4, 13, 4],
			"to": [12, 15, 12],
			"rotation": {"angle": 0, "axis": "y", "origin": [0, 13, 0]},
			"faces": {
				"north": {"uv": [0, 8, 8, 10], "texture": "#1"},
				"east": {"uv": [0, 8, 8, 10], "texture": "#1"},
				"south": {"uv": [0, 8, 8, 10], "texture": "#1"},
				"west": {"uv": [0, 8, 8, 10], "texture": "#1"},
				"up": {"uv": [0, 8, 8, 16], "texture": "#1"},
				"down": {"uv": [0, 8, 8, 16], "texture": "#1"}
			}
		},
		{
			"name": "Cube",
			"from": [13, 4, 4],
			"to": [15, 12, 12],
			"rotation": {"angle": 0, "axis": "z", "origin": [13, 16, 0]},
			"faces": {
				"north": {"uv": [0, 8, 8, 10], "rotation": 270, "texture": "#1"},
				"east": {"uv": [0, 8, 8, 16], "rotation": 90, "texture": "#1"},
				"south": {"uv": [0, 8, 8, 10], "rotation": 90, "texture": "#1"},
				"west": {"uv": [0, 8, 8, 16], "rotation": 90, "texture": "#1"},
				"up": {"uv": [0, 8, 8, 10], "rotation": 90, "texture": "#1"},
				"down": {"uv": [0, 8, 8, 10], "rotation": 90, "texture": "#1"}
			}
		},
		{
			"name": "Cube",
			"from": [1, 4, 4],
			"to": [3, 12, 12],
			"rotation": {"angle": 0, "axis": "y", "origin": [1, 16, 0]},
			"faces": {
				"north": {"uv": [0, 8, 8, 10], "rotation": 270, "texture": "#1"},
				"east": {"uv": [0, 8, 8, 16], "rotation": 90, "texture": "#1"},
				"south": {"uv": [0, 8, 8, 10], "rotation": 90, "texture": "#1"},
				"west": {"uv": [0, 8, 8, 16], "rotation": 90, "texture": "#1"},
				"up": {"uv": [0, 8, 8, 10], "rotation": 90, "texture": "#1"},
				"down": {"uv": [0, 8, 8, 10], "rotation": 90, "texture": "#1"}
			}
		},
		{
			"name": "Cube",
			"from": [4, 4, 1],
			"to": [12, 12, 3],
			"rotation": {"angle": 0, "axis": "y", "origin": [16, 16, 1]},
			"faces": {
				"north": {"uv": [0, 8, 8, 16], "rotation": 90, "texture": "#1"},
				"east": {"uv": [0, 8, 8, 10], "rotation": 270, "texture": "#1"},
				"south": {"uv": [0, 8, 8, 16], "rotation": 90, "texture": "#1"},
				"west": {"uv": [0, 8, 8, 10], "rotation": 90, "texture": "#1"},
				"up": {"uv": [0, 8, 8, 10], "rotation": 180, "texture": "#1"},
				"down": {"uv": [0, 8, 8, 10], "texture": "#1"}
			}
		},
		{
			"name": "Cube",
			"from": [4, 4, 13],
			"to": [12, 12, 15],
			"rotation": {"angle": 0, "axis": "y", "origin": [16, 16, 13]},
			"faces": {
				"north": {"uv": [0, 8, 8, 16], "rotation": 90, "texture": "#1"},
				"east": {"uv": [0, 8, 8, 10], "rotation": 270, "texture": "#1"},
				"south": {"uv": [0, 8, 8, 16], "rotation": 90, "texture": "#1"},
				"west": {"uv": [0, 8, 8, 10], "rotation": 90, "texture": "#1"},
				"up": {"uv": [0, 8, 8, 10], "rotation": 180, "texture": "#1"},
				"down": {"uv": [0, 8, 8, 10], "texture": "#1"}
			}
		},
		{
			"name": "Cube",
			"from": [13, 0, 4],
			"to": [15, 2, 8],
			"rotation": {"angle": 0, "axis": "y", "origin": [16, 3, 14]},
			"faces": {
				"north": {"uv": [13, 8, 15, 10], "texture": "#2"},
				"east": {"uv": [13, 9, 15, 13], "rotation": 90, "texture": "#2"},
				"south": {"uv": [13, 11, 15, 13], "rotation": 180, "texture": "#2"},
				"west": {"uv": [13, 9, 15, 13], "rotation": 270, "texture": "#2"},
				"up": {"uv": [13, 9, 15, 13], "texture": "#2"},
				"down": {"uv": [13, 9, 15, 13], "rotation": 180, "texture": "#2"}
			}
		},
		{
			"name": "Cube",
			"from": [13, 0, 8],
			"to": [15, 2, 12],
			"rotation": {"angle": 0, "axis": "y", "origin": [16, 3, 18]},
			"faces": {
				"north": {"uv": [13, 8, 15, 10], "texture": "#2"},
				"east": {"uv": [13, 9, 15, 13], "rotation": 90, "texture": "#2"},
				"south": {"uv": [13, 11, 15, 13], "rotation": 180, "texture": "#2"},
				"west": {"uv": [13, 9, 15, 13], "rotation": 270, "texture": "#2"},
				"up": {"uv": [13, 9, 15, 13], "texture": "#2"},
				"down": {"uv": [13, 9, 15, 13], "rotation": 180, "texture": "#2"}
			}
		},
		{
			"name": "Cube",
			"from": [13, 14, 4],
			"to": [15, 16, 8],
			"rotation": {"angle": 0, "axis": "y", "origin": [16, 17, 14]},
			"faces": {
				"north": {"uv": [13, 8, 15, 10], "texture": "#2"},
				"east": {"uv": [13, 9, 15, 13], "rotation": 90, "texture": "#2"},
				"south": {"uv": [13, 11, 15, 13], "rotation": 180, "texture": "#2"},
				"west": {"uv": [13, 9, 15, 13], "rotation": 270, "texture": "#2"},
				"up": {"uv": [13, 9, 15, 13], "texture": "#2"},
				"down": {"uv": [13, 9, 15, 13], "rotation": 180, "texture": "#2"}
			}
		},
		{
			"name": "Cube",
			"from": [8, 0, 1],
			"to": [12, 2, 3],
			"rotation": {"angle": 0, "axis": "y", "origin": [18, 3, 0]},
			"faces": {
				"north": {"uv": [13, 9, 15, 13], "rotation": 90, "texture": "#2"},
				"east": {"uv": [13, 11, 15, 13], "rotation": 180, "texture": "#2"},
				"south": {"uv": [13, 9, 15, 13], "rotation": 270, "texture": "#2"},
				"west": {"uv": [13, 8, 15, 10], "texture": "#2"},
				"up": {"uv": [13, 9, 15, 13], "rotation": 270, "texture": "#2"},
				"down": {"uv": [13, 9, 15, 13], "rotation": 270, "texture": "#2"}
			}
		},
		{
			"name": "Cube",
			"from": [4, 0, 1],
			"to": [8, 2, 3],
			"rotation": {"angle": 0, "axis": "y", "origin": [14, 3, 0]},
			"faces": {
				"north": {"uv": [13, 9, 15, 13], "rotation": 90, "texture": "#2"},
				"east": {"uv": [13, 11, 15, 13], "rotation": 180, "texture": "#2"},
				"south": {"uv": [13, 9, 15, 13], "rotation": 270, "texture": "#2"},
				"west": {"uv": [13, 8, 15, 10], "texture": "#2"},
				"up": {"uv": [13, 9, 15, 13], "rotation": 270, "texture": "#2"},
				"down": {"uv": [13, 9, 15, 13], "rotation": 270, "texture": "#2"}
			}
		},
		{
			"name": "Cube",
			"from": [8, 14, 1],
			"to": [12, 16, 3],
			"rotation": {"angle": 0, "axis": "y", "origin": [18, 17, 0]},
			"faces": {
				"north": {"uv": [13, 9, 15, 13], "rotation": 90, "texture": "#2"},
				"east": {"uv": [13, 11, 15, 13], "rotation": 180, "texture": "#2"},
				"south": {"uv": [13, 9, 15, 13], "rotation": 270, "texture": "#2"},
				"west": {"uv": [13, 8, 15, 10], "texture": "#2"},
				"up": {"uv": [13, 9, 15, 13], "rotation": 270, "texture": "#2"},
				"down": {"uv": [13, 9, 15, 13], "rotation": 270, "texture": "#2"}
			}
		},
		{
			"name": "Cube",
			"from": [4, 14, 1],
			"to": [8, 16, 3],
			"rotation": {"angle": 0, "axis": "y", "origin": [14, 17, 0]},
			"faces": {
				"north": {"uv": [13, 9, 15, 13], "rotation": 90, "texture": "#2"},
				"east": {"uv": [13, 11, 15, 13], "rotation": 180, "texture": "#2"},
				"south": {"uv": [13, 9, 15, 13], "rotation": 270, "texture": "#2"},
				"west": {"uv": [13, 8, 15, 10], "texture": "#2"},
				"up": {"uv": [13, 9, 15, 13], "rotation": 270, "texture": "#2"},
				"down": {"uv": [13, 9, 15, 13], "rotation": 270, "texture": "#2"}
			}
		},
		{
			"name": "Cube",
			"from": [8, 0, 13],
			"to": [12, 2, 15],
			"rotation": {"angle": 0, "axis": "y", "origin": [2, 3, 16]},
			"faces": {
				"north": {"uv": [13, 9, 15, 13], "rotation": 270, "texture": "#2"},
				"east": {"uv": [13, 8, 15, 10], "texture": "#2"},
				"south": {"uv": [13, 9, 15, 13], "rotation": 90, "texture": "#2"},
				"west": {"uv": [13, 11, 15, 13], "rotation": 180, "texture": "#2"},
				"up": {"uv": [13, 9, 15, 13], "rotation": 90, "texture": "#2"},
				"down": {"uv": [13, 9, 15, 13], "rotation": 90, "texture": "#2"}
			}
		},
		{
			"name": "Cube",
			"from": [4, 0, 13],
			"to": [8, 2, 15],
			"rotation": {"angle": 0, "axis": "y", "origin": [-2, 3, 16]},
			"faces": {
				"north": {"uv": [13, 9, 15, 13], "rotation": 270, "texture": "#2"},
				"east": {"uv": [13, 8, 15, 10], "texture": "#2"},
				"south": {"uv": [13, 9, 15, 13], "rotation": 90, "texture": "#2"},
				"west": {"uv": [13, 11, 15, 13], "rotation": 180, "texture": "#2"},
				"up": {"uv": [13, 9, 15, 13], "rotation": 90, "texture": "#2"},
				"down": {"uv": [13, 9, 15, 13], "rotation": 90, "texture": "#2"}
			}
		},
		{
			"name": "Cube",
			"from": [8, 14, 13],
			"to": [12, 16, 15],
			"rotation": {"angle": 0, "axis": "y", "origin": [2, 17, 16]},
			"faces": {
				"north": {"uv": [13, 9, 15, 13], "rotation": 270, "texture": "#2"},
				"east": {"uv": [13, 8, 15, 10], "texture": "#2"},
				"south": {"uv": [13, 9, 15, 13], "rotation": 90, "texture": "#2"},
				"west": {"uv": [13, 11, 15, 13], "rotation": 180, "texture": "#2"},
				"up": {"uv": [13, 9, 15, 13], "rotation": 90, "texture": "#2"},
				"down": {"uv": [13, 9, 15, 13], "rotation": 90, "texture": "#2"}
			}
		},
		{
			"name": "Cube",
			"from": [4, 14, 13],
			"to": [8, 16, 15],
			"rotation": {"angle": 0, "axis": "y", "origin": [-2, 17, 16]},
			"faces": {
				"north": {"uv": [13, 9, 15, 13], "rotation": 270, "texture": "#2"},
				"east": {"uv": [13, 8, 15, 10], "texture": "#2"},
				"south": {"uv": [13, 9, 15, 13], "rotation": 90, "texture": "#2"},
				"west": {"uv": [13, 11, 15, 13], "rotation": 180, "texture": "#2"},
				"up": {"uv": [13, 9, 15, 13], "rotation": 90, "texture": "#2"},
				"down": {"uv": [13, 9, 15, 13], "rotation": 90, "texture": "#2"}
			}
		},
		{
			"name": "Cube",
			"from": [13, 14, 8],
			"to": [15, 16, 12],
			"rotation": {"angle": 0, "axis": "y", "origin": [16, 17, 18]},
			"faces": {
				"north": {"uv": [13, 8, 15, 10], "texture": "#2"},
				"east": {"uv": [13, 9, 15, 13], "rotation": 90, "texture": "#2"},
				"south": {"uv": [13, 11, 15, 13], "rotation": 180, "texture": "#2"},
				"west": {"uv": [13, 9, 15, 13], "rotation": 270, "texture": "#2"},
				"up": {"uv": [13, 9, 15, 13], "texture": "#2"},
				"down": {"uv": [13, 9, 15, 13], "rotation": 180, "texture": "#2"}
			}
		},
		{
			"name": "Cube",
			"from": [1, 0, 8],
			"to": [3, 2, 12],
			"rotation": {"angle": 0, "axis": "y", "origin": [0, 3, 2]},
			"faces": {
				"north": {"uv": [13, 11, 15, 13], "rotation": 180, "texture": "#2"},
				"east": {"uv": [13, 9, 15, 13], "rotation": 270, "texture": "#2"},
				"south": {"uv": [13, 8, 15, 10], "texture": "#2"},
				"west": {"uv": [13, 9, 15, 13], "rotation": 90, "texture": "#2"},
				"up": {"uv": [13, 9, 15, 13], "rotation": 180, "texture": "#2"},
				"down": {"uv": [13, 9, 15, 13], "texture": "#2"}
			}
		},
		{
			"name": "Cube",
			"from": [1, 0, 4],
			"to": [3, 2, 8],
			"rotation": {"angle": 0, "axis": "y", "origin": [0, 3, -2]},
			"faces": {
				"north": {"uv": [13, 11, 15, 13], "rotation": 180, "texture": "#2"},
				"east": {"uv": [13, 9, 15, 13], "rotation": 270, "texture": "#2"},
				"south": {"uv": [13, 8, 15, 10], "texture": "#2"},
				"west": {"uv": [13, 9, 15, 13], "rotation": 90, "texture": "#2"},
				"up": {"uv": [13, 9, 15, 13], "rotation": 180, "texture": "#2"},
				"down": {"uv": [13, 9, 15, 13], "texture": "#2"}
			}
		},
		{
			"name": "Cube",
			"from": [1, 14, 4],
			"to": [3, 16, 8],
			"rotation": {"angle": 0, "axis": "x", "origin": [0, 17, -2]},
			"faces": {
				"north": {"uv": [13, 11, 15, 13], "rotation": 180, "texture": "#2"},
				"east": {"uv": [13, 9, 15, 13], "rotation": 270, "texture": "#2"},
				"south": {"uv": [13, 8, 15, 10], "texture": "#2"},
				"west": {"uv": [13, 9, 15, 13], "rotation": 90, "texture": "#2"},
				"up": {"uv": [13, 9, 15, 13], "rotation": 180, "texture": "#2"},
				"down": {"uv": [13, 9, 15, 13], "texture": "#2"}
			}
		},
		{
			"name": "Cube",
			"from": [1, 14, 8],
			"to": [3, 16, 12],
			"rotation": {"angle": 0, "axis": "y", "origin": [0, 17, 2]},
			"faces": {
				"north": {"uv": [13, 11, 15, 13], "rotation": 180, "texture": "#2"},
				"east": {"uv": [13, 9, 15, 13], "rotation": 270, "texture": "#2"},
				"south": {"uv": [13, 8, 15, 10], "texture": "#2"},
				"west": {"uv": [13, 9, 15, 13], "rotation": 90, "texture": "#2"},
				"up": {"uv": [13, 9, 15, 13], "rotation": 180, "texture": "#2"},
				"down": {"uv": [13, 9, 15, 13], "texture": "#2"}
			}
		},
		{
			"name": "Cube",
			"from": [6, 6, 0],
			"to": [10, 10, 2],
			"faces": {
				"north": {"uv": [10, 10, 14, 14], "texture": "#1"},
				"east": {"uv": [6, 10, 8, 14], "texture": "#1"},
				"south": {"uv": [10, 10, 14, 14], "texture": "#1"},
				"west": {"uv": [0, 10, 2, 14], "texture": "#1"},
				"up": {"uv": [2, 8, 6, 10], "texture": "#1"},
				"down": {"uv": [2, 14, 6, 16], "texture": "#1"}
			}
		},
		{
			"name": "Cube",
			"from": [6, 6, 14],
			"to": [10, 10, 16],
			"faces": {
				"north": {"uv": [10, 10, 14, 14], "texture": "#1"},
				"east": {"uv": [0, 10, 2, 14], "texture": "#1"},
				"south": {"uv": [10, 10, 14, 14], "texture": "#1"},
				"west": {"uv": [6, 10, 8, 14], "texture": "#1"},
				"up": {"uv": [2, 14, 6, 16], "texture": "#1"},
				"down": {"uv": [2, 8, 6, 10], "texture": "#1"}
			}
		},
		{
			"name": "Cube",
			"from": [6, 14, 6],
			"to": [10, 16, 10],
			"rotation": {"angle": 0, "axis": "x", "origin": [0, 0, 16]},
			"faces": {
				"north": {"uv": [2, 14, 6, 16], "rotation": 180, "texture": "#1"},
				"east": {"uv": [0, 10, 2, 14], "rotation": 90, "texture": "#1"},
				"south": {"uv": [2, 8, 6, 10], "texture": "#1"},
				"west": {"uv": [6, 10, 8, 14], "rotation": 270, "texture": "#1"},
				"up": {"uv": [10, 10, 14, 14], "texture": "#1"},
				"down": {"uv": [10, 10, 14, 14], "rotation": 180, "texture": "#1"}
			}
		},
		{
			"name": "Cube",
			"from": [14, 6, 6],
			"to": [16, 10, 10],
			"faces": {
				"north": {"uv": [0, 10, 2, 14], "texture": "#1"},
				"east": {"uv": [10, 10, 14, 14], "texture": "#1"},
				"south": {"uv": [6, 10, 8, 14], "texture": "#1"},
				"west": {"uv": [10, 10, 14, 14], "texture": "#1"},
				"up": {"uv": [6, 10, 8, 14], "texture": "#1"},
				"down": {"uv": [6, 10, 8, 14], "texture": "#1"}
			}
		},
		{
			"name": "Cube",
			"from": [0, 6, 6],
			"to": [2, 10, 10],
			"faces": {
				"north": {"uv": [6, 10, 8, 14], "texture": "#1"},
				"east": {"uv": [10, 10, 14, 14], "texture": "#1"},
				"south": {"uv": [0, 10, 2, 14], "texture": "#1"},
				"west": {"uv": [10, 10, 14, 14], "texture": "#1"},
				"up": {"uv": [0, 10, 2, 14], "texture": "#1"},
				"down": {"uv": [0, 10, 2, 14], "texture": "#1"}
			}
		},
		{
			"name": "Cube",
			"from": [2, 2, 2],
			"to": [14, 14, 14],
			"faces": {
				"north": {"uv": [0, 0, 12, 12], "texture": "#3"},
				"east": {"uv": [0, 0, 12, 12], "texture": "#3"},
				"south": {"uv": [0, 0, 12, 12], "texture": "#3"},
				"west": {"uv": [0, 0, 12, 12], "texture": "#3"},
				"up": {"uv": [0, 0, 12, 12], "texture": "#3"},
				"down": {"uv": [0, 0, 12, 12], "texture": "#3"}
			}
		}
	],
	"groups": [
		0,
		1,
		2,
		3,
		4,
		5,
		6,
		7,
		8,
		9,
		10,
		11,
		12,
		13,
		14,
		15,
		16,
		17,
		18,
		19,
		20,
		21,
		{
			"name": "group",
			"origin": [-1, 17, 2],
			"color": 0,
			"children": [22, 23]
		},
		24,
		25,
		26,
		27,
		28,
		29,
		30,
		31
	]
}