{
  "parent": "block/block",
  "textures": {
    "0": "embers_extended:block/duskstone_column_side",
    "1": "embers_extended:block/duskstone_column_top",
    "2": "embers_extended:block/nightstone_deep_line_parts",
    "3": "embers_extended:block/duskstone_pipe_tex",
    "particle": "embers_extended:block/duskstone_pipe_tex"
  },
  "elements": [
    {
      "name": "Cube",
      "from": [ 2.0, 2.0, 2.0 ],
      "to": [ 14.0, 14.0, 14.0 ],
      "faces": {
        "north": { "texture": "#0", "uv": [ 0.0, 0.0, 12.0, 12.0 ] },
        "east": { "texture": "#0", "uv": [ 0.0, 0.0, 12.0, 12.0 ] },
        "south": { "texture": "#0", "uv": [ 0.0, 0.0, 12.0, 12.0 ] },
        "west": { "texture": "#0", "uv": [ 0.0, 0.0, 12.0, 12.0 ] },
        "up": { "texture": "#1", "uv": [ 0.0, 0.0, 12.0, 12.0 ] },
        "down": { "texture": "#1", "uv": [ 0.0, 0.0, 12.0, 12.0 ] }
      }
    },
    {
      "name": "Cube",
      "from": [ 0.0, 0.0, 0.0 ],
      "to": [ 4.0, 4.0, 4.0 ],
      "faces": {
        "north": { "texture": "#2", "uv": [ 0.0, 6.0, 4.0, 10.0 ] },
        "east": { "texture": "#2", "uv": [ 0.0, 6.0, 4.0, 10.0 ] },
        "south": { "texture": "#2", "uv": [ 0.0, 6.0, 4.0, 10.0 ] },
        "west": { "texture": "#2", "uv": [ 0.0, 6.0, 4.0, 10.0 ] },
        "up": { "texture": "#2", "uv": [ 0.0, 6.0, 4.0, 10.0 ] },
        "down": { "texture": "#2", "uv": [ 0.0, 6.0, 4.0, 10.0 ] }
      }
    },
    {
      "name": "Cube",
      "from": [ 12.0, 0.0, 0.0 ],
      "to": [ 16.0, 4.0, 4.0 ],
      "faces": {
        "north": { "texture": "#2", "uv": [ 0.0, 6.0, 4.0, 10.0 ] },
        "east": { "texture": "#2", "uv": [ 0.0, 6.0, 4.0, 10.0 ] },
        "south": { "texture": "#2", "uv": [ 0.0, 6.0, 4.0, 10.0 ] },
        "west": { "texture": "#2", "uv": [ 0.0, 6.0, 4.0, 10.0 ] },
        "up": { "texture": "#2", "uv": [ 0.0, 6.0, 4.0, 10.0 ] },
        "down": { "texture": "#2", "uv": [ 0.0, 6.0, 4.0, 10.0 ] }
      }
    },
    {
      "name": "Cube",
      "from": [ 12.0, 0.0, 12.0 ],
      "to": [ 16.0, 4.0, 16.0 ],
      "faces": {
        "north": { "texture": "#2", "uv": [ 0.0, 6.0, 4.0, 10.0 ] },
        "east": { "texture": "#2", "uv": [ 0.0, 6.0, 4.0, 10.0 ] },
        "south": { "texture": "#2", "uv": [ 0.0, 6.0, 4.0, 10.0 ] },
        "west": { "texture": "#2", "uv": [ 0.0, 6.0, 4.0, 10.0 ] },
        "up": { "texture": "#2", "uv": [ 0.0, 6.0, 4.0, 10.0 ] },
        "down": { "texture": "#2", "uv": [ 0.0, 6.0, 4.0, 10.0 ] }
      }
    },
    {
      "name": "Cube",
      "from": [ 0.0, 0.0, 12.0 ],
      "to": [ 4.0, 4.0, 16.0 ],
      "faces": {
        "north": { "texture": "#2", "uv": [ 0.0, 6.0, 4.0, 10.0 ] },
        "east": { "texture": "#2", "uv": [ 0.0, 6.0, 4.0, 10.0 ] },
        "south": { "texture": "#2", "uv": [ 0.0, 6.0, 4.0, 10.0 ] },
        "west": { "texture": "#2", "uv": [ 0.0, 6.0, 4.0, 10.0 ] },
        "up": { "texture": "#2", "uv": [ 0.0, 6.0, 4.0, 10.0 ] },
        "down": { "texture": "#2", "uv": [ 0.0, 6.0, 4.0, 10.0 ] }
      }
    },
    {
      "name": "Cube",
      "from": [ 0.0, 12.0, 12.0 ],
      "to": [ 4.0, 16.0, 16.0 ],
      "faces": {
        "north": { "texture": "#2", "uv": [ 0.0, 6.0, 4.0, 10.0 ] },
        "east": { "texture": "#2", "uv": [ 0.0, 6.0, 4.0, 10.0 ] },
        "south": { "texture": "#2", "uv": [ 0.0, 6.0, 4.0, 10.0 ] },
        "west": { "texture": "#2", "uv": [ 0.0, 6.0, 4.0, 10.0 ] },
        "up": { "texture": "#2", "uv": [ 0.0, 6.0, 4.0, 10.0 ] },
        "down": { "texture": "#2", "uv": [ 0.0, 6.0, 4.0, 10.0 ] }
      }
    },
    {
      "name": "Cube",
      "from": [ 12.0, 12.0, 12.0 ],
      "to": [ 16.0, 16.0, 16.0 ],
      "faces": {
        "north": { "texture": "#2", "uv": [ 0.0, 6.0, 4.0, 10.0 ] },
        "east": { "texture": "#2", "uv": [ 0.0, 6.0, 4.0, 10.0 ] },
        "south": { "texture": "#2", "uv": [ 0.0, 6.0, 4.0, 10.0 ] },
        "west": { "texture": "#2", "uv": [ 0.0, 6.0, 4.0, 10.0 ] },
        "up": { "texture": "#2", "uv": [ 0.0, 6.0, 4.0, 10.0 ] },
        "down": { "texture": "#2", "uv": [ 0.0, 6.0, 4.0, 10.0 ] }
      }
    },
    {
      "name": "Cube",
      "from": [ 12.0, 12.0, 0.0 ],
      "to": [ 16.0, 16.0, 4.0 ],
      "faces": {
        "north": { "texture": "#2", "uv": [ 0.0, 6.0, 4.0, 10.0 ] },
        "east": { "texture": "#2", "uv": [ 0.0, 6.0, 4.0, 10.0 ] },
        "south": { "texture": "#2", "uv": [ 0.0, 6.0, 4.0, 10.0 ] },
        "west": { "texture": "#2", "uv": [ 0.0, 6.0, 4.0, 10.0 ] },
        "up": { "texture": "#2", "uv": [ 0.0, 6.0, 4.0, 10.0 ] },
        "down": { "texture": "#2", "uv": [ 0.0, 6.0, 4.0, 10.0 ] }
      }
    },
    {
      "name": "Cube",
      "from": [ 0.0, 12.0, 0.0 ],
      "to": [ 4.0, 16.0, 4.0 ],
      "faces": {
        "north": { "texture": "#2", "uv": [ 0.0, 6.0, 4.0, 10.0 ] },
        "east": { "texture": "#2", "uv": [ 0.0, 6.0, 4.0, 10.0 ] },
        "south": { "texture": "#2", "uv": [ 0.0, 6.0, 4.0, 10.0 ] },
        "west": { "texture": "#2", "uv": [ 0.0, 6.0, 4.0, 10.0 ] },
        "up": { "texture": "#2", "uv": [ 0.0, 6.0, 4.0, 10.0 ] },
        "down": { "texture": "#2", "uv": [ 0.0, 6.0, 4.0, 10.0 ] }
      }
    },
    {
      "name": "Cube",
      "from": [ 0.0, 12.0, 4.0 ],
      "to": [ 4.0, 16.0, 6.0 ],
      "faces": {
        "north": { "texture": "#2", "uv": [ 0.0, 6.0, 4.0, 10.0 ] },
        "east": { "texture": "#2", "uv": [ 4.0, 6.0, 6.0, 10.0 ] },
        "south": { "texture": "#2", "uv": [ 0.0, 6.0, 4.0, 10.0 ] },
        "west": { "texture": "#2", "uv": [ 4.0, 6.0, 6.0, 10.0 ] },
        "up": { "texture": "#2", "uv": [ 0.0, 10.0, 4.0, 12.0 ] },
        "down": { "texture": "#2", "uv": [ 0.0, 10.0, 4.0, 12.0 ] }
      }
    },
    {
      "name": "Cube",
      "from": [ 0.0, 12.0, 10.0 ],
      "to": [ 4.0, 16.0, 12.0 ],
      "faces": {
        "north": { "texture": "#2", "uv": [ 0.0, 6.0, 4.0, 10.0 ] },
        "east": { "texture": "#2", "uv": [ 4.0, 6.0, 6.0, 10.0 ] },
        "south": { "texture": "#2", "uv": [ 0.0, 6.0, 4.0, 10.0 ] },
        "west": { "texture": "#2", "uv": [ 4.0, 6.0, 6.0, 10.0 ] },
        "up": { "texture": "#2", "uv": [ 0.0, 10.0, 4.0, 12.0 ] },
        "down": { "texture": "#2", "uv": [ 0.0, 10.0, 4.0, 12.0 ] }
      }
    },
    {
      "name": "Cube",
      "from": [ 0.0, 0.0, 10.0 ],
      "to": [ 4.0, 4.0, 12.0 ],
      "faces": {
        "north": { "texture": "#2", "uv": [ 0.0, 6.0, 4.0, 10.0 ] },
        "east": { "texture": "#2", "uv": [ 4.0, 6.0, 6.0, 10.0 ] },
        "south": { "texture": "#2", "uv": [ 0.0, 6.0, 4.0, 10.0 ] },
        "west": { "texture": "#2", "uv": [ 4.0, 6.0, 6.0, 10.0 ] },
        "up": { "texture": "#2", "uv": [ 0.0, 10.0, 4.0, 12.0 ] },
        "down": { "texture": "#2", "uv": [ 0.0, 10.0, 4.0, 12.0 ] }
      }
    },
    {
      "name": "Cube",
      "from": [ 0.0, 0.0, 4.0 ],
      "to": [ 4.0, 4.0, 6.0 ],
      "faces": {
        "north": { "texture": "#2", "uv": [ 0.0, 6.0, 4.0, 10.0 ] },
        "east": { "texture": "#2", "uv": [ 4.0, 6.0, 6.0, 10.0 ] },
        "south": { "texture": "#2", "uv": [ 0.0, 6.0, 4.0, 10.0 ] },
        "west": { "texture": "#2", "uv": [ 4.0, 6.0, 6.0, 10.0 ] },
        "up": { "texture": "#2", "uv": [ 0.0, 10.0, 4.0, 12.0 ] },
        "down": { "texture": "#2", "uv": [ 0.0, 10.0, 4.0, 12.0 ] }
      }
    },
    {
      "name": "Cube",
      "from": [ 12.0, 0.0, 4.0 ],
      "to": [ 16.0, 4.0, 6.0 ],
      "faces": {
        "north": { "texture": "#2", "uv": [ 0.0, 6.0, 4.0, 10.0 ] },
        "east": { "texture": "#2", "uv": [ 4.0, 6.0, 6.0, 10.0 ] },
        "south": { "texture": "#2", "uv": [ 0.0, 6.0, 4.0, 10.0 ] },
        "west": { "texture": "#2", "uv": [ 4.0, 6.0, 6.0, 10.0 ] },
        "up": { "texture": "#2", "uv": [ 0.0, 10.0, 4.0, 12.0 ] },
        "down": { "texture": "#2", "uv": [ 0.0, 10.0, 4.0, 12.0 ] }
      }
    },
    {
      "name": "Cube",
      "from": [ 12.0, 0.0, 10.0 ],
      "to": [ 16.0, 4.0, 12.0 ],
      "faces": {
        "north": { "texture": "#2", "uv": [ 0.0, 6.0, 4.0, 10.0 ] },
        "east": { "texture": "#2", "uv": [ 4.0, 6.0, 6.0, 10.0 ] },
        "south": { "texture": "#2", "uv": [ 0.0, 6.0, 4.0, 10.0 ] },
        "west": { "texture": "#2", "uv": [ 4.0, 6.0, 6.0, 10.0 ] },
        "up": { "texture": "#2", "uv": [ 0.0, 10.0, 4.0, 12.0 ] },
        "down": { "texture": "#2", "uv": [ 0.0, 10.0, 4.0, 12.0 ] }
      }
    },
    {
      "name": "Cube",
      "from": [ 12.0, 12.0, 10.0 ],
      "to": [ 16.0, 16.0, 12.0 ],
      "faces": {
        "north": { "texture": "#2", "uv": [ 0.0, 6.0, 4.0, 10.0 ] },
        "east": { "texture": "#2", "uv": [ 4.0, 6.0, 6.0, 10.0 ] },
        "south": { "texture": "#2", "uv": [ 0.0, 6.0, 4.0, 10.0 ] },
        "west": { "texture": "#2", "uv": [ 4.0, 6.0, 6.0, 10.0 ] },
        "up": { "texture": "#2", "uv": [ 0.0, 10.0, 4.0, 12.0 ] },
        "down": { "texture": "#2", "uv": [ 0.0, 10.0, 4.0, 12.0 ] }
      }
    },
    {
      "name": "Cube",
      "from": [ 12.0, 12.0, 4.0 ],
      "to": [ 16.0, 16.0, 6.0 ],
      "faces": {
        "north": { "texture": "#2", "uv": [ 0.0, 6.0, 4.0, 10.0 ] },
        "east": { "texture": "#2", "uv": [ 4.0, 6.0, 6.0, 10.0 ] },
        "south": { "texture": "#2", "uv": [ 0.0, 6.0, 4.0, 10.0 ] },
        "west": { "texture": "#2", "uv": [ 4.0, 6.0, 6.0, 10.0 ] },
        "up": { "texture": "#2", "uv": [ 0.0, 10.0, 4.0, 12.0 ] },
        "down": { "texture": "#2", "uv": [ 0.0, 10.0, 4.0, 12.0 ] }
      }
    },
    {
      "name": "Cube",
      "from": [ 10.0, 12.0, 12.0 ],
      "to": [ 12.0, 16.0, 16.0 ],
      "faces": {
        "north": { "texture": "#2", "uv": [ 4.0, 6.0, 6.0, 10.0 ] },
        "east": { "texture": "#2", "uv": [ 0.0, 6.0, 4.0, 10.0 ] },
        "south": { "texture": "#2", "uv": [ 4.0, 6.0, 6.0, 10.0 ] },
        "west": { "texture": "#2", "uv": [ 0.0, 6.0, 4.0, 10.0 ] },
        "up": { "texture": "#2", "uv": [ 4.0, 6.0, 6.0, 10.0 ] },
        "down": { "texture": "#2", "uv": [ 4.0, 6.0, 6.0, 10.0 ] }
      }
    },
    {
      "name": "Cube",
      "from": [ 4.0, 12.0, 12.0 ],
      "to": [ 6.0, 16.0, 16.0 ],
      "faces": {
        "north": { "texture": "#2", "uv": [ 4.0, 6.0, 6.0, 10.0 ] },
        "east": { "texture": "#2", "uv": [ 0.0, 6.0, 4.0, 10.0 ] },
        "south": { "texture": "#2", "uv": [ 4.0, 6.0, 6.0, 10.0 ] },
        "west": { "texture": "#2", "uv": [ 0.0, 6.0, 4.0, 10.0 ] },
        "up": { "texture": "#2", "uv": [ 4.0, 6.0, 6.0, 10.0 ] },
        "down": { "texture": "#2", "uv": [ 4.0, 6.0, 6.0, 10.0 ] }
      }
    },
    {
      "name": "Cube",
      "from": [ 4.0, 0.0, 12.0 ],
      "to": [ 6.0, 4.0, 16.0 ],
      "faces": {
        "north": { "texture": "#2", "uv": [ 4.0, 6.0, 6.0, 10.0 ] },
        "east": { "texture": "#2", "uv": [ 0.0, 6.0, 4.0, 10.0 ] },
        "south": { "texture": "#2", "uv": [ 4.0, 6.0, 6.0, 10.0 ] },
        "west": { "texture": "#2", "uv": [ 0.0, 6.0, 4.0, 10.0 ] },
        "up": { "texture": "#2", "uv": [ 4.0, 6.0, 6.0, 10.0 ] },
        "down": { "texture": "#2", "uv": [ 4.0, 6.0, 6.0, 10.0 ] }
      }
    },
    {
      "name": "Cube",
      "from": [ 10.0, 0.0, 12.0 ],
      "to": [ 12.0, 4.0, 16.0 ],
      "faces": {
        "north": { "texture": "#2", "uv": [ 4.0, 6.0, 6.0, 10.0 ] },
        "east": { "texture": "#2", "uv": [ 0.0, 6.0, 4.0, 10.0 ] },
        "south": { "texture": "#2", "uv": [ 4.0, 6.0, 6.0, 10.0 ] },
        "west": { "texture": "#2", "uv": [ 0.0, 6.0, 4.0, 10.0 ] },
        "up": { "texture": "#2", "uv": [ 4.0, 6.0, 6.0, 10.0 ] },
        "down": { "texture": "#2", "uv": [ 4.0, 6.0, 6.0, 10.0 ] }
      }
    },
    {
      "name": "Cube",
      "from": [ 10.0, 0.0, 0.0 ],
      "to": [ 12.0, 4.0, 4.0 ],
      "faces": {
        "north": { "texture": "#2", "uv": [ 4.0, 6.0, 6.0, 10.0 ] },
        "east": { "texture": "#2", "uv": [ 0.0, 6.0, 4.0, 10.0 ] },
        "south": { "texture": "#2", "uv": [ 4.0, 6.0, 6.0, 10.0 ] },
        "west": { "texture": "#2", "uv": [ 0.0, 6.0, 4.0, 10.0 ] },
        "up": { "texture": "#2", "uv": [ 4.0, 6.0, 6.0, 10.0 ] },
        "down": { "texture": "#2", "uv": [ 4.0, 6.0, 6.0, 10.0 ] }
      }
    },
    {
      "name": "Cube",
      "from": [ 4.0, 0.0, 0.0 ],
      "to": [ 6.0, 4.0, 4.0 ],
      "faces": {
        "north": { "texture": "#2", "uv": [ 4.0, 6.0, 6.0, 10.0 ] },
        "east": { "texture": "#2", "uv": [ 0.0, 6.0, 4.0, 10.0 ] },
        "south": { "texture": "#2", "uv": [ 4.0, 6.0, 6.0, 10.0 ] },
        "west": { "texture": "#2", "uv": [ 0.0, 6.0, 4.0, 10.0 ] },
        "up": { "texture": "#2", "uv": [ 4.0, 6.0, 6.0, 10.0 ] },
        "down": { "texture": "#2", "uv": [ 4.0, 6.0, 6.0, 10.0 ] }
      }
    },
    {
      "name": "Cube",
      "from": [ 4.0, 12.0, 0.0 ],
      "to": [ 6.0, 16.0, 4.0 ],
      "faces": {
        "north": { "texture": "#2", "uv": [ 4.0, 6.0, 6.0, 10.0 ] },
        "east": { "texture": "#2", "uv": [ 0.0, 6.0, 4.0, 10.0 ] },
        "south": { "texture": "#2", "uv": [ 4.0, 6.0, 6.0, 10.0 ] },
        "west": { "texture": "#2", "uv": [ 0.0, 6.0, 4.0, 10.0 ] },
        "up": { "texture": "#2", "uv": [ 4.0, 6.0, 6.0, 10.0 ] },
        "down": { "texture": "#2", "uv": [ 4.0, 6.0, 6.0, 10.0 ] }
      }
    },
    {
      "name": "Cube",
      "from": [ 10.0, 12.0, 0.0 ],
      "to": [ 12.0, 16.0, 4.0 ],
      "faces": {
        "north": { "texture": "#2", "uv": [ 4.0, 6.0, 6.0, 10.0 ] },
        "east": { "texture": "#2", "uv": [ 0.0, 6.0, 4.0, 10.0 ] },
        "south": { "texture": "#2", "uv": [ 4.0, 6.0, 6.0, 10.0 ] },
        "west": { "texture": "#2", "uv": [ 0.0, 6.0, 4.0, 10.0 ] },
        "up": { "texture": "#2", "uv": [ 4.0, 6.0, 6.0, 10.0 ] },
        "down": { "texture": "#2", "uv": [ 4.0, 6.0, 6.0, 10.0 ] }
      }
    },
    {
      "name": "Cube",
      "from": [ 12.0, 10.0, 0.0 ],
      "to": [ 16.0, 12.0, 4.0 ],
      "faces": {
        "north": { "texture": "#2", "uv": [ 0.0, 10.0, 4.0, 12.0 ] },
        "east": { "texture": "#2", "uv": [ 0.0, 10.0, 4.0, 12.0 ] },
        "south": { "texture": "#2", "uv": [ 0.0, 10.0, 4.0, 12.0 ] },
        "west": { "texture": "#2", "uv": [ 0.0, 10.0, 4.0, 12.0 ] },
        "up": { "texture": "#2", "uv": [ 0.0, 6.0, 4.0, 10.0 ] },
        "down": { "texture": "#2", "uv": [ 0.0, 6.0, 4.0, 10.0 ] }
      }
    },
    {
      "name": "Cube",
      "from": [ 12.0, 4.0, 0.0 ],
      "to": [ 16.0, 6.0, 4.0 ],
      "faces": {
        "north": { "texture": "#2", "uv": [ 0.0, 10.0, 4.0, 12.0 ] },
        "east": { "texture": "#2", "uv": [ 0.0, 10.0, 4.0, 12.0 ] },
        "south": { "texture": "#2", "uv": [ 0.0, 10.0, 4.0, 12.0 ] },
        "west": { "texture": "#2", "uv": [ 0.0, 10.0, 4.0, 12.0 ] },
        "up": { "texture": "#2", "uv": [ 0.0, 6.0, 4.0, 10.0 ] },
        "down": { "texture": "#2", "uv": [ 0.0, 6.0, 4.0, 10.0 ] }
      }
    },
    {
      "name": "Cube",
      "from": [ 0.0, 4.0, 0.0 ],
      "to": [ 4.0, 6.0, 4.0 ],
      "faces": {
        "north": { "texture": "#2", "uv": [ 0.0, 10.0, 4.0, 12.0 ] },
        "east": { "texture": "#2", "uv": [ 0.0, 10.0, 4.0, 12.0 ] },
        "south": { "texture": "#2", "uv": [ 0.0, 10.0, 4.0, 12.0 ] },
        "west": { "texture": "#2", "uv": [ 0.0, 10.0, 4.0, 12.0 ] },
        "up": { "texture": "#2", "uv": [ 0.0, 6.0, 4.0, 10.0 ] },
        "down": { "texture": "#2", "uv": [ 0.0, 6.0, 4.0, 10.0 ] }
      }
    },
    {
      "name": "Cube",
      "from": [ 0.0, 10.0, 0.0 ],
      "to": [ 4.0, 12.0, 4.0 ],
      "faces": {
        "north": { "texture": "#2", "uv": [ 0.0, 10.0, 4.0, 12.0 ] },
        "east": { "texture": "#2", "uv": [ 0.0, 10.0, 4.0, 12.0 ] },
        "south": { "texture": "#2", "uv": [ 0.0, 10.0, 4.0, 12.0 ] },
        "west": { "texture": "#2", "uv": [ 0.0, 10.0, 4.0, 12.0 ] },
        "up": { "texture": "#2", "uv": [ 0.0, 6.0, 4.0, 10.0 ] },
        "down": { "texture": "#2", "uv": [ 0.0, 6.0, 4.0, 10.0 ] }
      }
    },
    {
      "name": "Cube",
      "from": [ 0.0, 10.0, 12.0 ],
      "to": [ 4.0, 12.0, 16.0 ],
      "faces": {
        "north": { "texture": "#2", "uv": [ 0.0, 10.0, 4.0, 12.0 ] },
        "east": { "texture": "#2", "uv": [ 0.0, 10.0, 4.0, 12.0 ] },
        "south": { "texture": "#2", "uv": [ 0.0, 10.0, 4.0, 12.0 ] },
        "west": { "texture": "#2", "uv": [ 0.0, 10.0, 4.0, 12.0 ] },
        "up": { "texture": "#2", "uv": [ 0.0, 6.0, 4.0, 10.0 ] },
        "down": { "texture": "#2", "uv": [ 0.0, 6.0, 4.0, 10.0 ] }
      }
    },
    {
      "name": "Cube",
      "from": [ 12.0, 10.0, 12.0 ],
      "to": [ 16.0, 12.0, 16.0 ],
      "faces": {
        "north": { "texture": "#2", "uv": [ 0.0, 10.0, 4.0, 12.0 ] },
        "east": { "texture": "#2", "uv": [ 0.0, 10.0, 4.0, 12.0 ] },
        "south": { "texture": "#2", "uv": [ 0.0, 10.0, 4.0, 12.0 ] },
        "west": { "texture": "#2", "uv": [ 0.0, 10.0, 4.0, 12.0 ] },
        "up": { "texture": "#2", "uv": [ 0.0, 6.0, 4.0, 10.0 ] },
        "down": { "texture": "#2", "uv": [ 0.0, 6.0, 4.0, 10.0 ] }
      }
    },
    {
      "name": "Cube",
      "from": [ 12.0, 4.0, 12.0 ],
      "to": [ 16.0, 6.0, 16.0 ],
      "faces": {
        "north": { "texture": "#2", "uv": [ 0.0, 10.0, 4.0, 12.0 ] },
        "east": { "texture": "#2", "uv": [ 0.0, 10.0, 4.0, 12.0 ] },
        "south": { "texture": "#2", "uv": [ 0.0, 10.0, 4.0, 12.0 ] },
        "west": { "texture": "#2", "uv": [ 0.0, 10.0, 4.0, 12.0 ] },
        "up": { "texture": "#2", "uv": [ 0.0, 6.0, 4.0, 10.0 ] },
        "down": { "texture": "#2", "uv": [ 0.0, 6.0, 4.0, 10.0 ] }
      }
    },
    {
      "name": "Cube",
      "from": [ 0.0, 4.0, 12.0 ],
      "to": [ 4.0, 6.0, 16.0 ],
      "faces": {
        "north": { "texture": "#2", "uv": [ 0.0, 10.0, 4.0, 12.0 ] },
        "east": { "texture": "#2", "uv": [ 0.0, 10.0, 4.0, 12.0 ] },
        "south": { "texture": "#2", "uv": [ 0.0, 10.0, 4.0, 12.0 ] },
        "west": { "texture": "#2", "uv": [ 0.0, 10.0, 4.0, 12.0 ] },
        "up": { "texture": "#2", "uv": [ 0.0, 6.0, 4.0, 10.0 ] },
        "down": { "texture": "#2", "uv": [ 0.0, 6.0, 4.0, 10.0 ] }
      }
    },
    {
      "name": "Cube",
      "from": [ 1.0, 6.0, 1.0 ],
      "to": [ 3.0, 10.0, 3.0 ],
      "faces": {
        "north": { "texture": "#2", "uv": [ 13.0, 9.0, 15.0, 13.0 ] },
        "east": { "texture": "#2", "uv": [ 13.0, 9.0, 15.0, 13.0 ] },
        "south": { "texture": "#2", "uv": [ 13.0, 9.0, 15.0, 13.0 ] },
        "west": { "texture": "#2", "uv": [ 13.0, 9.0, 15.0, 13.0 ] },
        "up": { "texture": "#2", "uv": [ 13.0, 8.0, 15.0, 10.0 ] },
        "down": { "texture": "#2", "uv": [ 13.0, 11.0, 15.0, 13.0 ] }
      }
    },
    {
      "name": "Cube",
      "from": [ 13.0, 6.0, 1.0 ],
      "to": [ 15.0, 10.0, 3.0 ],
      "faces": {
        "north": { "texture": "#2", "uv": [ 13.0, 9.0, 15.0, 13.0 ] },
        "east": { "texture": "#2", "uv": [ 13.0, 9.0, 15.0, 13.0 ] },
        "south": { "texture": "#2", "uv": [ 13.0, 9.0, 15.0, 13.0 ] },
        "west": { "texture": "#2", "uv": [ 13.0, 9.0, 15.0, 13.0 ] },
        "up": { "texture": "#2", "uv": [ 13.0, 8.0, 15.0, 10.0 ] },
        "down": { "texture": "#2", "uv": [ 13.0, 11.0, 15.0, 13.0 ] }
      }
    },
    {
      "name": "Cube",
      "from": [ 13.0, 6.0, 13.0 ],
      "to": [ 15.0, 10.0, 15.0 ],
      "faces": {
        "north": { "texture": "#2", "uv": [ 13.0, 9.0, 15.0, 13.0 ] },
        "east": { "texture": "#2", "uv": [ 13.0, 9.0, 15.0, 13.0 ] },
        "south": { "texture": "#2", "uv": [ 13.0, 9.0, 15.0, 13.0 ] },
        "west": { "texture": "#2", "uv": [ 13.0, 9.0, 15.0, 13.0 ] },
        "up": { "texture": "#2", "uv": [ 13.0, 8.0, 15.0, 10.0 ] },
        "down": { "texture": "#2", "uv": [ 13.0, 11.0, 15.0, 13.0 ] }
      }
    },
    {
      "name": "Cube",
      "from": [ 1.0, 6.0, 13.0 ],
      "to": [ 3.0, 10.0, 15.0 ],
      "faces": {
        "north": { "texture": "#2", "uv": [ 13.0, 9.0, 15.0, 13.0 ] },
        "east": { "texture": "#2", "uv": [ 13.0, 9.0, 15.0, 13.0 ] },
        "south": { "texture": "#2", "uv": [ 13.0, 9.0, 15.0, 13.0 ] },
        "west": { "texture": "#2", "uv": [ 13.0, 9.0, 15.0, 13.0 ] },
        "up": { "texture": "#2", "uv": [ 13.0, 8.0, 15.0, 10.0 ] },
        "down": { "texture": "#2", "uv": [ 13.0, 11.0, 15.0, 13.0 ] }
      }
    },
    {
      "name": "Cube",
      "from": [ 1.0, 1.0, 6.0 ],
      "to": [ 3.0, 3.0, 10.0 ],
      "faces": {
        "north": { "texture": "#2", "uv": [ 12.0, 14.0, 14.0, 16.0 ] },
        "east": { "texture": "#2", "uv": [ 9.0, 14.0, 13.0, 16.0 ] },
        "south": { "texture": "#2", "uv": [ 8.0, 14.0, 10.0, 16.0 ] },
        "west": { "texture": "#2", "uv": [ 9.0, 14.0, 13.0, 16.0 ] },
        "up": { "texture": "#2", "uv": [ 13.0, 9.0, 15.0, 13.0 ] },
        "down": { "texture": "#2", "uv": [ 13.0, 9.0, 15.0, 13.0 ] }
      }
    },
    {
      "name": "Cube",
      "from": [ 1.0, 13.0, 6.0 ],
      "to": [ 3.0, 15.0, 10.0 ],
      "faces": {
        "north": { "texture": "#2", "uv": [ 12.0, 14.0, 14.0, 16.0 ] },
        "east": { "texture": "#2", "uv": [ 9.0, 14.0, 13.0, 16.0 ] },
        "south": { "texture": "#2", "uv": [ 8.0, 14.0, 10.0, 16.0 ] },
        "west": { "texture": "#2", "uv": [ 9.0, 14.0, 13.0, 16.0 ] },
        "up": { "texture": "#2", "uv": [ 13.0, 9.0, 15.0, 13.0 ] },
        "down": { "texture": "#2", "uv": [ 13.0, 9.0, 15.0, 13.0 ] }
      }
    },
    {
      "name": "Cube",
      "from": [ 13.0, 13.0, 6.0 ],
      "to": [ 15.0, 15.0, 10.0 ],
      "faces": {
        "north": { "texture": "#2", "uv": [ 12.0, 14.0, 14.0, 16.0 ] },
        "east": { "texture": "#2", "uv": [ 9.0, 14.0, 13.0, 16.0 ] },
        "south": { "texture": "#2", "uv": [ 8.0, 14.0, 10.0, 16.0 ] },
        "west": { "texture": "#2", "uv": [ 9.0, 14.0, 13.0, 16.0 ] },
        "up": { "texture": "#2", "uv": [ 13.0, 9.0, 15.0, 13.0 ] },
        "down": { "texture": "#2", "uv": [ 13.0, 9.0, 15.0, 13.0 ] }
      }
    },
    {
      "name": "Cube",
      "from": [ 13.0, 1.0, 6.0 ],
      "to": [ 15.0, 3.0, 10.0 ],
      "faces": {
        "north": { "texture": "#2", "uv": [ 12.0, 14.0, 14.0, 16.0 ] },
        "east": { "texture": "#2", "uv": [ 9.0, 14.0, 13.0, 16.0 ] },
        "south": { "texture": "#2", "uv": [ 8.0, 14.0, 10.0, 16.0 ] },
        "west": { "texture": "#2", "uv": [ 9.0, 14.0, 13.0, 16.0 ] },
        "up": { "texture": "#2", "uv": [ 13.0, 9.0, 15.0, 13.0 ] },
        "down": { "texture": "#2", "uv": [ 13.0, 9.0, 15.0, 13.0 ] }
      }
    },
    {
      "name": "Cube",
      "from": [ 6.0, 1.0, 13.0 ],
      "to": [ 10.0, 3.0, 15.0 ],
      "faces": {
        "north": { "texture": "#2", "uv": [ 9.0, 14.0, 13.0, 16.0 ] },
        "east": { "texture": "#2", "uv": [ 9.0, 14.0, 11.0, 16.0 ] },
        "south": { "texture": "#2", "uv": [ 9.0, 14.0, 13.0, 16.0 ] },
        "west": { "texture": "#2", "uv": [ 8.0, 14.0, 10.0, 16.0 ] },
        "up": { "texture": "#2", "uv": [ 9.0, 14.0, 13.0, 16.0 ] },
        "down": { "texture": "#2", "uv": [ 9.0, 14.0, 13.0, 16.0 ] }
      }
    },
    {
      "name": "Cube",
      "from": [ 6.0, 13.0, 13.0 ],
      "to": [ 10.0, 15.0, 15.0 ],
      "faces": {
        "north": { "texture": "#2", "uv": [ 9.0, 14.0, 13.0, 16.0 ] },
        "east": { "texture": "#2", "uv": [ 9.0, 14.0, 11.0, 16.0 ] },
        "south": { "texture": "#2", "uv": [ 9.0, 14.0, 13.0, 16.0 ] },
        "west": { "texture": "#2", "uv": [ 8.0, 14.0, 10.0, 16.0 ] },
        "up": { "texture": "#2", "uv": [ 9.0, 14.0, 13.0, 16.0 ] },
        "down": { "texture": "#2", "uv": [ 9.0, 14.0, 13.0, 16.0 ] }
      }
    },
    {
      "name": "Cube",
      "from": [ 6.0, 13.0, 1.0 ],
      "to": [ 10.0, 15.0, 3.0 ],
      "faces": {
        "north": { "texture": "#2", "uv": [ 9.0, 14.0, 13.0, 16.0 ] },
        "east": { "texture": "#2", "uv": [ 9.0, 14.0, 11.0, 16.0 ] },
        "south": { "texture": "#2", "uv": [ 9.0, 14.0, 13.0, 16.0 ] },
        "west": { "texture": "#2", "uv": [ 8.0, 14.0, 10.0, 16.0 ] },
        "up": { "texture": "#2", "uv": [ 9.0, 14.0, 13.0, 16.0 ] },
        "down": { "texture": "#2", "uv": [ 9.0, 14.0, 13.0, 16.0 ] }
      }
    },
    {
      "name": "Cube",
      "from": [ 6.0, 1.0, 1.0 ],
      "to": [ 10.0, 3.0, 3.0 ],
      "faces": {
        "north": { "texture": "#2", "uv": [ 9.0, 14.0, 13.0, 16.0 ] },
        "east": { "texture": "#2", "uv": [ 9.0, 14.0, 11.0, 16.0 ] },
        "south": { "texture": "#2", "uv": [ 9.0, 14.0, 13.0, 16.0 ] },
        "west": { "texture": "#2", "uv": [ 8.0, 14.0, 10.0, 16.0 ] },
        "up": { "texture": "#2", "uv": [ 9.0, 14.0, 13.0, 16.0 ] },
        "down": { "texture": "#2", "uv": [ 9.0, 14.0, 13.0, 16.0 ] }
      }
    },
    {
      "name": "Cube",
      "from": [ 5.0, 14.0, 5.0 ],
      "to": [ 11.0, 16.0, 11.0 ],
      "faces": {
        "north": { "texture": "#3", "uv": [ 0.0, 8.0, 6.0, 10.0 ] },
        "east": { "texture": "#3", "uv": [ 0.0, 8.0, 6.0, 10.0 ] },
        "south": { "texture": "#3", "uv": [ 0.0, 8.0, 6.0, 10.0 ] },
        "west": { "texture": "#3", "uv": [ 0.0, 8.0, 6.0, 10.0 ] },
        "up": { "texture": "#3", "uv": [ 0.0, 0.0, 6.0, 6.0 ] },
        "down": { "texture": "#3", "uv": [ 0.0, 0.0, 6.0, 6.0 ] }
      }
    },
    {
      "name": "Cube",
      "from": [ 5.0, 0.0, 5.0 ],
      "to": [ 11.0, 2.0, 11.0 ],
      "faces": {
        "north": { "texture": "#3", "uv": [ 0.0, 8.0, 6.0, 10.0 ] },
        "east": { "texture": "#3", "uv": [ 0.0, 8.0, 6.0, 10.0 ] },
        "south": { "texture": "#3", "uv": [ 0.0, 8.0, 6.0, 10.0 ] },
        "west": { "texture": "#3", "uv": [ 0.0, 8.0, 6.0, 10.0 ] },
        "up": { "texture": "#3", "uv": [ 0.0, 0.0, 6.0, 6.0 ] },
        "down": { "texture": "#3", "uv": [ 0.0, 0.0, 6.0, 6.0 ] }
      }
    }
  ]
}