{
	"format_version": "1.21.6",
	"credit": "Made with Blockbench",
	"parent": "block/block",
	"textures": {
		"0": "embers:block/block_caminite_brick",
		"1": "embers:block/plates",
		"2": "embers:block/geologic_seperator_parts",
		"particle": "embers:block/plates"
	},
	"elements": [
		{
			"name": "Cube",
			"from": [0, 0, 12],
			"to": [4, 4, 16],
			"faces": {
				"north": {"uv": [7, 8, 11, 12], "texture": "#0"},
				"east": {"uv": [7, 8, 11, 12], "texture": "#0"},
				"south": {"uv": [7, 8, 11, 12], "texture": "#0"},
				"west": {"uv": [7, 8, 11, 12], "texture": "#0"},
				"up": {"uv": [7, 8, 11, 12], "texture": "#0"},
				"down": {"uv": [7, 8, 11, 12], "texture": "#0"}
			}
		},
		{
			"name": "Cube",
			"from": [0, 0, 0],
			"to": [4, 4, 4],
			"faces": {
				"north": {"uv": [7, 8, 11, 12], "texture": "#0"},
				"east": {"uv": [7, 8, 11, 12], "texture": "#0"},
				"south": {"uv": [7, 8, 11, 12], "texture": "#0"},
				"west": {"uv": [7, 8, 11, 12], "texture": "#0"},
				"up": {"uv": [7, 8, 11, 12], "texture": "#0"},
				"down": {"uv": [7, 8, 11, 12], "texture": "#0"}
			}
		},
		{
			"name": "Cube",
			"from": [12, 0, 0],
			"to": [16, 4, 4],
			"faces": {
				"north": {"uv": [7, 8, 11, 12], "texture": "#0"},
				"east": {"uv": [7, 8, 11, 12], "texture": "#0"},
				"south": {"uv": [7, 8, 11, 12], "texture": "#0"},
				"west": {"uv": [7, 8, 11, 12], "texture": "#0"},
				"up": {"uv": [7, 8, 11, 12], "texture": "#0"},
				"down": {"uv": [7, 8, 11, 12], "texture": "#0"}
			}
		},
		{
			"name": "Cube",
			"from": [12, 0, 12],
			"to": [16, 4, 16],
			"faces": {
				"north": {"uv": [7, 8, 11, 12], "texture": "#0"},
				"east": {"uv": [7, 8, 11, 12], "texture": "#0"},
				"south": {"uv": [7, 8, 11, 12], "texture": "#0"},
				"west": {"uv": [7, 8, 11, 12], "texture": "#0"},
				"up": {"uv": [7, 8, 11, 12], "texture": "#0"},
				"down": {"uv": [7, 8, 11, 12], "texture": "#0"}
			}
		},
		{
			"name": "Cube",
			"from": [4, 2, 4],
			"to": [12, 4, 12],
			"faces": {
				"north": {"uv": [0, 14, 8, 16], "texture": "#1"},
				"east": {"uv": [0, 14, 8, 16], "texture": "#1"},
				"south": {"uv": [0, 14, 8, 16], "texture": "#1"},
				"west": {"uv": [0, 14, 8, 16], "texture": "#1"},
				"up": {"uv": [0, 8, 8, 16], "texture": "#1"},
				"down": {"uv": [0, 8, 8, 16], "texture": "#1"}
			}
		},
		{
			"name": "Cube",
			"from": [4, 4, 2],
			"to": [12, 6, 4],
			"faces": {
				"north": {"uv": [0, 14, 8, 16], "texture": "#1"},
				"east": {"uv": [0, 14, 2, 16], "texture": "#1"},
				"south": {"uv": [0, 14, 8, 16], "texture": "#1"},
				"west": {"uv": [0, 14, 2, 16], "texture": "#1"},
				"up": {"uv": [0, 8, 8, 10], "texture": "#1"},
				"down": {"uv": [0, 8, 8, 10], "texture": "#1"}
			}
		},
		{
			"name": "Cube",
			"from": [4, 4, 12],
			"to": [12, 6, 14],
			"faces": {
				"north": {"uv": [0, 14, 8, 16], "texture": "#1"},
				"east": {"uv": [0, 14, 2, 16], "texture": "#1"},
				"south": {"uv": [0, 14, 8, 16], "texture": "#1"},
				"west": {"uv": [0, 14, 2, 16], "texture": "#1"},
				"up": {"uv": [0, 8, 8, 10], "texture": "#1"},
				"down": {"uv": [0, 8, 8, 10], "texture": "#1"}
			}
		},
		{
			"name": "Cube",
			"from": [12, 4, 4],
			"to": [14, 6, 12],
			"faces": {
				"north": {"uv": [0, 14, 2, 16], "texture": "#1"},
				"east": {"uv": [0, 14, 8, 16], "texture": "#1"},
				"south": {"uv": [0, 14, 2, 16], "texture": "#1"},
				"west": {"uv": [0, 14, 8, 16], "texture": "#1"},
				"up": {"uv": [0, 8, 2, 16], "texture": "#1"},
				"down": {"uv": [0, 8, 2, 16], "texture": "#1"}
			}
		},
		{
			"name": "Cube",
			"from": [2, 4, 4],
			"to": [4, 6, 12],
			"faces": {
				"north": {"uv": [0, 14, 2, 16], "texture": "#1"},
				"east": {"uv": [0, 14, 8, 16], "texture": "#1"},
				"south": {"uv": [0, 14, 2, 16], "texture": "#1"},
				"west": {"uv": [0, 14, 8, 16], "texture": "#1"},
				"up": {"uv": [0, 8, 2, 16], "texture": "#1"},
				"down": {"uv": [0, 8, 2, 16], "texture": "#1"}
			}
		},
		{
			"name": "Cube",
			"from": [2, 4, 2],
			"to": [4, 6, 4],
			"faces": {
				"north": {"uv": [0, 14, 2, 16], "texture": "#1"},
				"east": {"uv": [0, 14, 2, 16], "texture": "#1"},
				"south": {"uv": [0, 14, 2, 16], "texture": "#1"},
				"west": {"uv": [0, 14, 2, 16], "texture": "#1"},
				"up": {"uv": [0, 8, 2, 10], "texture": "#1"},
				"down": {"uv": [0, 8, 2, 10], "texture": "#1"}
			}
		},
		{
			"name": "Cube",
			"from": [12, 4, 2],
			"to": [14, 6, 4],
			"faces": {
				"north": {"uv": [0, 14, 2, 16], "texture": "#1"},
				"east": {"uv": [0, 14, 2, 16], "texture": "#1"},
				"south": {"uv": [0, 14, 2, 16], "texture": "#1"},
				"west": {"uv": [0, 14, 2, 16], "texture": "#1"},
				"up": {"uv": [0, 8, 2, 10], "texture": "#1"},
				"down": {"uv": [0, 8, 2, 10], "texture": "#1"}
			}
		},
		{
			"name": "Cube",
			"from": [12, 4, 12],
			"to": [14, 6, 14],
			"faces": {
				"north": {"uv": [0, 14, 2, 16], "texture": "#1"},
				"east": {"uv": [0, 14, 2, 16], "texture": "#1"},
				"south": {"uv": [0, 14, 2, 16], "texture": "#1"},
				"west": {"uv": [0, 14, 2, 16], "texture": "#1"},
				"up": {"uv": [0, 8, 2, 10], "texture": "#1"},
				"down": {"uv": [0, 8, 2, 10], "texture": "#1"}
			}
		},
		{
			"name": "Cube",
			"from": [2, 4, 12],
			"to": [4, 6, 14],
			"faces": {
				"north": {"uv": [0, 14, 2, 16], "texture": "#1"},
				"east": {"uv": [0, 14, 2, 16], "texture": "#1"},
				"south": {"uv": [0, 14, 2, 16], "texture": "#1"},
				"west": {"uv": [0, 14, 2, 16], "texture": "#1"},
				"up": {"uv": [0, 8, 2, 10], "texture": "#1"},
				"down": {"uv": [0, 8, 2, 10], "texture": "#1"}
			}
		},
		{
			"name": "Cube",
			"from": [4, 0, 4],
			"to": [12, 2, 12],
			"faces": {
				"north": {"uv": [0, 14, 8, 16], "texture": "#1"},
				"east": {"uv": [0, 14, 8, 16], "texture": "#1"},
				"south": {"uv": [0, 14, 8, 16], "texture": "#1"},
				"west": {"uv": [0, 14, 8, 16], "texture": "#1"},
				"up": {"uv": [0, 8, 8, 16], "texture": "#1"},
				"down": {"uv": [0, 8, 8, 16], "texture": "#1"}
			}
		},
		{
			"name": "Cube",
			"from": [4, 0, 1],
			"to": [12, 4, 4],
			"faces": {
				"north": {"uv": [0, 12, 8, 16], "texture": "#0"},
				"east": {"uv": [0, 12, 3, 16], "texture": "#0"},
				"south": {"uv": [0, 12, 8, 16], "texture": "#0"},
				"west": {"uv": [0, 12, 3, 16], "texture": "#0"},
				"up": {"uv": [0, 8, 8, 11], "texture": "#0"},
				"down": {"uv": [0, 8, 8, 11], "texture": "#0"}
			}
		},
		{
			"name": "Cube",
			"from": [4, 0, 12],
			"to": [12, 4, 15],
			"faces": {
				"north": {"uv": [0, 12, 8, 16], "texture": "#0"},
				"east": {"uv": [0, 12, 3, 16], "texture": "#0"},
				"south": {"uv": [0, 12, 8, 16], "texture": "#0"},
				"west": {"uv": [0, 12, 3, 16], "texture": "#0"},
				"up": {"uv": [0, 8, 8, 11], "texture": "#0"},
				"down": {"uv": [0, 8, 8, 11], "texture": "#0"}
			}
		},
		{
			"name": "Cube",
			"from": [12, 0, 4],
			"to": [15, 4, 12],
			"faces": {
				"north": {"uv": [0, 12, 3, 16], "texture": "#0"},
				"east": {"uv": [0, 12, 8, 16], "texture": "#0"},
				"south": {"uv": [0, 12, 3, 16], "texture": "#0"},
				"west": {"uv": [0, 12, 8, 16], "texture": "#0"},
				"up": {"uv": [0, 8, 3, 16], "texture": "#0"},
				"down": {"uv": [0, 8, 3, 16], "texture": "#0"}
			}
		},
		{
			"name": "Cube",
			"from": [1, 0, 4],
			"to": [4, 4, 12],
			"faces": {
				"north": {"uv": [0, 12, 3, 16], "texture": "#0"},
				"east": {"uv": [0, 12, 8, 16], "texture": "#0"},
				"south": {"uv": [0, 12, 3, 16], "texture": "#0"},
				"west": {"uv": [0, 12, 8, 16], "texture": "#0"},
				"up": {"uv": [0, 8, 3, 16], "texture": "#0"},
				"down": {"uv": [0, 8, 3, 16], "texture": "#0"}
			}
		},
		{
			"name": "Cube",
			"from": [0, 6, 4],
			"to": [4, 8, 12],
			"faces": {
				"north": {"uv": [0, 10, 4, 12], "texture": "#2"},
				"east": {"uv": [4, 2, 12, 4], "texture": "#2"},
				"south": {"uv": [0, 10, 4, 12], "texture": "#2"},
				"west": {"uv": [4, 2, 12, 4], "texture": "#2"},
				"up": {"uv": [0, 4, 4, 12], "texture": "#2"},
				"down": {"uv": [0, 4, 4, 12], "texture": "#2"}
			}
		},
		{
			"name": "Cube",
			"from": [12, 6, 4],
			"to": [16, 8, 12],
			"faces": {
				"north": {"uv": [0, 10, 4, 12], "texture": "#2"},
				"east": {"uv": [4, 2, 12, 4], "texture": "#2"},
				"south": {"uv": [0, 10, 4, 12], "texture": "#2"},
				"west": {"uv": [4, 2, 12, 4], "texture": "#2"},
				"up": {"uv": [0, 4, 4, 12], "texture": "#2"},
				"down": {"uv": [0, 4, 4, 12], "texture": "#2"}
			}
		},
		{
			"name": "Cube",
			"from": [4, 6, 12],
			"to": [12, 8, 16],
			"faces": {
				"north": {"uv": [4, 2, 12, 4], "texture": "#2"},
				"east": {"uv": [0, 10, 4, 12], "texture": "#2"},
				"south": {"uv": [4, 2, 12, 4], "texture": "#2"},
				"west": {"uv": [0, 10, 4, 12], "texture": "#2"},
				"up": {"uv": [4, 0, 12, 4], "texture": "#2"},
				"down": {"uv": [4, 0, 12, 4], "texture": "#2"}
			}
		},
		{
			"name": "Cube",
			"from": [4, 6, 0],
			"to": [12, 8, 4],
			"faces": {
				"north": {"uv": [4, 2, 12, 4], "texture": "#2"},
				"east": {"uv": [0, 10, 4, 12], "texture": "#2"},
				"south": {"uv": [4, 2, 12, 4], "texture": "#2"},
				"west": {"uv": [0, 10, 4, 12], "texture": "#2"},
				"up": {"uv": [4, 0, 12, 4], "texture": "#2"},
				"down": {"uv": [4, 0, 12, 4], "texture": "#2"}
			}
		},
		{
			"name": "Cube",
			"from": [0, 6, 0],
			"to": [4, 8, 4],
			"faces": {
				"north": {"uv": [0, 2, 4, 4], "texture": "#2"},
				"east": {"uv": [0, 2, 4, 4], "texture": "#2"},
				"south": {"uv": [0, 2, 4, 4], "texture": "#2"},
				"west": {"uv": [0, 2, 4, 4], "texture": "#2"},
				"up": {"uv": [0, 0, 4, 4], "texture": "#2"},
				"down": {"uv": [0, 0, 4, 4], "texture": "#2"}
			}
		},
		{
			"name": "Cube",
			"from": [12, 6, 0],
			"to": [16, 8, 4],
			"faces": {
				"north": {"uv": [0, 2, 4, 4], "texture": "#2"},
				"east": {"uv": [0, 2, 4, 4], "texture": "#2"},
				"south": {"uv": [0, 2, 4, 4], "texture": "#2"},
				"west": {"uv": [0, 2, 4, 4], "texture": "#2"},
				"up": {"uv": [0, 0, 4, 4], "texture": "#2"},
				"down": {"uv": [0, 0, 4, 4], "texture": "#2"}
			}
		},
		{
			"name": "Cube",
			"from": [12, 6, 12],
			"to": [16, 8, 16],
			"faces": {
				"north": {"uv": [0, 2, 4, 4], "texture": "#2"},
				"east": {"uv": [0, 2, 4, 4], "texture": "#2"},
				"south": {"uv": [0, 2, 4, 4], "texture": "#2"},
				"west": {"uv": [0, 2, 4, 4], "texture": "#2"},
				"up": {"uv": [0, 0, 4, 4], "texture": "#2"},
				"down": {"uv": [0, 0, 4, 4], "texture": "#2"}
			}
		},
		{
			"name": "Cube",
			"from": [0, 6, 12],
			"to": [4, 8, 16],
			"faces": {
				"north": {"uv": [0, 2, 4, 4], "texture": "#2"},
				"east": {"uv": [0, 2, 4, 4], "texture": "#2"},
				"south": {"uv": [0, 2, 4, 4], "texture": "#2"},
				"west": {"uv": [0, 2, 4, 4], "texture": "#2"},
				"up": {"uv": [0, 0, 4, 4], "texture": "#2"},
				"down": {"uv": [0, 0, 4, 4], "texture": "#2"}
			}
		}
	]
}