{
	"parent": "block/block",
	"textures": {
		"0": "embers:block/caminite_tile",
		"1": "embers:block/plate",
		"3": "embers:block/bore_bottom",
		"4": "embers:block/caminite_bricks",
		"particle": "embers:block/bore_bottom"
	},
	"elements": [
		{
			"name": "Cube",
			"from": [0, 0, 0],
			"to": [16, 4, 16],
			"faces": {
				"north": {"uv": [0, 12, 16, 16], "texture": "#4"},
				"east": {"uv": [0, 12, 16, 16], "texture": "#4"},
				"south": {"uv": [0, 12, 16, 16], "texture": "#4"},
				"west": {"uv": [0, 12, 16, 16], "texture": "#4"},
				"up": {"uv": [0, 0, 16, 16], "texture": "#4"},
				"down": {"uv": [0, 0, 16, 16], "texture": "#4"}
			}
		},
		{
			"name": "Cube",
			"from": [0, 4, 2],
			"to": [8, 12, 4],
			"faces": {
				"north": {"uv": [0, 8, 8, 16], "texture": "#1"},
				"east": {"uv": [0, 8, 2, 16], "texture": "#1"},
				"south": {"uv": [0, 8, 8, 16], "texture": "#1"},
				"west": {"uv": [6, 8, 8, 16], "texture": "#1"},
				"up": {"uv": [0, 8, 8, 10], "texture": "#1"},
				"down": {"uv": [0, 8, 8, 10], "texture": "#1"}
			}
		},
		{
			"name": "Cube",
			"from": [8, 4, 2],
			"to": [16, 12, 4],
			"faces": {
				"north": {"uv": [0, 8, 8, 16], "texture": "#1"},
				"east": {"uv": [0, 8, 2, 16], "texture": "#1"},
				"south": {"uv": [0, 8, 8, 16], "texture": "#1"},
				"west": {"uv": [6, 8, 8, 16], "texture": "#1"},
				"up": {"uv": [0, 8, 8, 10], "texture": "#1"},
				"down": {"uv": [0, 8, 8, 10], "texture": "#1"}
			}
		},
		{
			"name": "Cube",
			"from": [8, 4, 12],
			"to": [16, 12, 14],
			"faces": {
				"north": {"uv": [0, 8, 8, 16], "texture": "#1"},
				"east": {"uv": [0, 8, 2, 16], "texture": "#1"},
				"south": {"uv": [0, 8, 8, 16], "texture": "#1"},
				"west": {"uv": [6, 8, 8, 16], "texture": "#1"},
				"up": {"uv": [0, 8, 8, 10], "texture": "#1"},
				"down": {"uv": [0, 8, 8, 10], "texture": "#1"}
			}
		},
		{
			"name": "Cube",
			"from": [0, 4, 12],
			"to": [8, 12, 14],
			"faces": {
				"north": {"uv": [0, 8, 8, 16], "texture": "#1"},
				"east": {"uv": [0, 8, 2, 16], "texture": "#1"},
				"south": {"uv": [0, 8, 8, 16], "texture": "#1"},
				"west": {"uv": [6, 8, 8, 16], "texture": "#1"},
				"up": {"uv": [0, 8, 8, 10], "texture": "#1"},
				"down": {"uv": [0, 8, 8, 10], "texture": "#1"}
			}
		},
		{
			"name": "Cube",
			"from": [0, 12, 0],
			"to": [16, 16, 4],
			"faces": {
				"north": {"uv": [0, 0, 16, 4], "texture": "#0"},
				"east": {"uv": [12, 0, 16, 4], "texture": "#0"},
				"south": {"uv": [0, 0, 16, 4], "texture": "#0"},
				"west": {"uv": [0, 0, 4, 4], "texture": "#0"},
				"up": {"uv": [0, 0, 16, 4], "texture": "#0"},
				"down": {"uv": [0, 12, 16, 16], "texture": "#0"}
			}
		},
		{
			"name": "Cube",
			"from": [0, 12, 12],
			"to": [16, 16, 16],
			"faces": {
				"north": {"uv": [0, 0, 16, 4], "texture": "#0"},
				"east": {"uv": [0, 0, 4, 4], "texture": "#0"},
				"south": {"uv": [0, 0, 16, 4], "texture": "#0"},
				"west": {"uv": [12, 0, 16, 4], "texture": "#0"},
				"up": {"uv": [0, 12, 16, 16], "texture": "#0"},
				"down": {"uv": [0, 0, 16, 4], "texture": "#0"}
			}
		},
		{
			"name": "Cube",
			"from": [0, 14, 4],
			"to": [4, 16, 12],
			"faces": {
				"north": {"uv": [0, 14, 4, 16], "texture": "#1"},
				"east": {"uv": [0, 14, 8, 16], "texture": "#1"},
				"south": {"uv": [4, 14, 8, 16], "texture": "#1"},
				"west": {"uv": [0, 14, 8, 16], "texture": "#1"},
				"up": {"uv": [4, 0, 8, 8], "texture": "#1"},
				"down": {"uv": [4, 8, 8, 16], "texture": "#1"}
			}
		},
		{
			"name": "Cube",
			"from": [12, 14, 4],
			"to": [16, 16, 12],
			"faces": {
				"north": {"uv": [4, 14, 8, 16], "texture": "#1"},
				"east": {"uv": [0, 14, 8, 16], "texture": "#1"},
				"south": {"uv": [0, 14, 4, 16], "texture": "#1"},
				"west": {"uv": [0, 14, 8, 16], "texture": "#1"},
				"up": {"uv": [0, 0, 4, 8], "texture": "#1"},
				"down": {"uv": [0, 8, 4, 16], "texture": "#1"}
			}
		},
		{
			"name": "Cube",
			"from": [4, 14, 4],
			"to": [12, 16, 12],
			"faces": {
				"north": {"uv": [0, 14, 8, 16], "texture": "#1"},
				"east": {"uv": [0, 14, 8, 16], "texture": "#1"},
				"south": {"uv": [0, 14, 8, 16], "texture": "#1"},
				"west": {"uv": [0, 14, 8, 16], "texture": "#1"},
				"up": {"uv": [0, 0, 8, 8], "texture": "#1"},
				"down": {"uv": [0, 8, 8, 16], "texture": "#1"}
			}
		},
		{
			"from": [6, -10, 2],
			"to": [10, 0, 6],
			"faces": {
				"north": {"uv": [0, 6, 4, 16], "texture": "#3"},
				"east": {"uv": [0, 6, 4, 16], "texture": "#3"},
				"south": {"uv": [0, 6, 4, 16], "texture": "#3"},
				"west": {"uv": [0, 6, 4, 16], "texture": "#3"},
				"down": {"uv": [6, 6, 10, 10], "texture": "#3"}
			}
		},
		{
			"from": [6, -10, 10],
			"to": [10, 0, 14],
			"faces": {
				"north": {"uv": [0, 6, 4, 16], "texture": "#3"},
				"east": {"uv": [0, 6, 4, 16], "texture": "#3"},
				"south": {"uv": [0, 6, 4, 16], "texture": "#3"},
				"west": {"uv": [0, 6, 4, 16], "texture": "#3"},
				"down": {"uv": [6, 6, 10, 10], "texture": "#3"}
			}
		}
	]
}