{
	"parent": "embers:block/mech_edge_straight",
	"textures": {
		"0": "embers:block/block_caminite_brick",
		"1": "embers:block/plates",
		"3": "embers:block/brick_nozzle",
		"particle": "embers:block/block_caminite_brick",
		"bore": "embers:block/bore_bottom"
	},
	"elements": [
		{
			"name": "Cube",
			"from": [0, 0, 0],
			"to": [16, 4, 16],
			"faces": {
				"north": {"uv": [0, 0, 16, 4], "texture": "#0"},
				"east": {"uv": [0, 0, 16, 4], "texture": "#0"},
				"south": {"uv": [0, 0, 16, 4], "texture": "#0"},
				"west": {"uv": [0, 0, 16, 4], "texture": "#0"},
				"up": {"uv": [0, 0, 16, 16], "texture": "#0"},
				"down": {"uv": [0, 0, 16, 16], "texture": "#0"}
			}
		},
		{
			"name": "Cube",
			"from": [0, 13, 0],
			"to": [8, 15, 8],
			"faces": {
				"north": {"uv": [0, 14, 8, 16], "texture": "#1"},
				"east": {"uv": [0, 14, 8, 16], "texture": "#1"},
				"south": {"uv": [0, 14, 8, 16], "texture": "#1"},
				"west": {"uv": [0, 14, 8, 16], "texture": "#1"},
				"up": {"uv": [0, 8, 8, 16], "texture": "#1"},
				"down": {"uv": [0, 8, 8, 16], "texture": "#1"}
			}
		},
		{
			"name": "Cube",
			"from": [8, 13, 0],
			"to": [16, 15, 8],
			"faces": {
				"north": {"uv": [0, 14, 8, 16], "texture": "#1"},
				"east": {"uv": [0, 14, 8, 16], "texture": "#1"},
				"south": {"uv": [0, 14, 8, 16], "texture": "#1"},
				"west": {"uv": [0, 14, 8, 16], "texture": "#1"},
				"up": {"uv": [0, 8, 8, 16], "texture": "#1"},
				"down": {"uv": [0, 8, 8, 16], "texture": "#1"}
			}
		},
		{
			"name": "Cube",
			"from": [8, 13, 8],
			"to": [16, 15, 16],
			"faces": {
				"north": {"uv": [0, 14, 8, 16], "texture": "#1"},
				"east": {"uv": [0, 14, 8, 16], "texture": "#1"},
				"south": {"uv": [0, 14, 8, 16], "texture": "#1"},
				"west": {"uv": [0, 14, 8, 16], "texture": "#1"},
				"up": {"uv": [0, 8, 8, 16], "texture": "#1"},
				"down": {"uv": [0, 8, 8, 16], "texture": "#1"}
			}
		},
		{
			"name": "Cube",
			"from": [0, 13, 8],
			"to": [8, 15, 16],
			"faces": {
				"north": {"uv": [0, 14, 8, 16], "texture": "#1"},
				"east": {"uv": [0, 14, 8, 16], "texture": "#1"},
				"south": {"uv": [0, 14, 8, 16], "texture": "#1"},
				"west": {"uv": [0, 14, 8, 16], "texture": "#1"},
				"up": {"uv": [0, 8, 8, 16], "texture": "#1"},
				"down": {"uv": [0, 8, 8, 16], "texture": "#1"}
			}
		},
		{
			"name": "Cube",
			"from": [4, 14, 4],
			"to": [12, 16, 12],
			"faces": {
				"north": {"uv": [0, 14, 8, 16], "texture": "#1"},
				"east": {"uv": [0, 14, 8, 16], "texture": "#1"},
				"south": {"uv": [0, 14, 8, 16], "texture": "#1"},
				"west": {"uv": [0, 14, 8, 16], "texture": "#1"},
				"up": {"uv": [0, 8, 8, 16], "texture": "#3"},
				"down": {"uv": [0, 8, 8, 16], "texture": "#1"}
			}
		},
		{
			"from": [6, -10, 2],
			"to": [10, 0, 6],
			"faces": {
				"north": {"uv": [0, 6, 4, 16], "texture": "#bore"},
				"east": {"uv": [0, 6, 4, 16], "texture": "#bore"},
				"south": {"uv": [0, 6, 4, 16], "texture": "#bore"},
				"west": {"uv": [0, 6, 4, 16], "texture": "#bore"},
				"down": {"uv": [6, 6, 10, 10], "texture": "#bore"}
			}
		},
		{
			"from": [6, -10, 10],
			"to": [10, 0, 14],
			"faces": {
				"north": {"uv": [0, 6, 4, 16], "texture": "#bore"},
				"east": {"uv": [0, 6, 4, 16], "texture": "#bore"},
				"south": {"uv": [0, 6, 4, 16], "texture": "#bore"},
				"west": {"uv": [0, 6, 4, 16], "texture": "#bore"},
				"down": {"uv": [6, 6, 10, 10], "texture": "#bore"}
			}
		}
	]
}