{
	"format_version": "1.21.6",
	"credit": "Made with Blockbench",
	"parent": "block/block",
	"textures": {
		"4": "embers:block/mnemonic_off",
		"5": "embers:block/copper_cage_tex",
		"6": "embers:block/archaic_tile",
		"8": "embers:block/field_chart_center_base",
		"particle": "embers:block/mnemonic_off"
	},
	"elements": [
		{
			"from": [3.5, 0, 3.5],
			"to": [7.5, 6, 12.5],
			"rotation": {"angle": 0, "axis": "y", "origin": [8, 5, 8]},
			"faces": {
				"north": {"uv": [12, 3, 16, 9], "texture": "#4"},
				"east": {"uv": [4, 4, 13, 10], "texture": "#4"},
				"south": {"uv": [12, 3, 16, 9], "texture": "#4"},
				"west": {"uv": [4, 3, 13, 9], "texture": "#4"},
				"up": {"uv": [4, 0, 13, 4], "rotation": 90, "texture": "#4"},
				"down": {"uv": [4, 12, 13, 16], "rotation": 270, "texture": "#4"}
			}
		},
		{
			"from": [7, -2, 9.5],
			"to": [9, 2, 11.5],
			"rotation": {"angle": 0, "axis": "y", "origin": [8, 5, 8]},
			"faces": {
				"north": {"uv": [7, 11, 9, 15], "texture": "#6"},
				"east": {"uv": [7, 11, 9, 15], "texture": "#6"},
				"south": {"uv": [7, 11, 9, 15], "texture": "#6"},
				"west": {"uv": [7, 11, 9, 15], "texture": "#6"},
				"up": {"uv": [7, 9, 9, 11], "rotation": 90, "texture": "#6"},
				"down": {"uv": [1, 1, 3, 3], "rotation": 270, "texture": "#6"}
			}
		},
		{
			"from": [7.5, 0, 7.5],
			"to": [8.5, 4, 10.5],
			"rotation": {"angle": 0, "axis": "y", "origin": [8, 5, 8]},
			"faces": {
				"north": {"uv": [10, 9, 11, 13], "texture": "#6"},
				"east": {"uv": [0, 0, 0, 0], "texture": "#6"},
				"south": {"uv": [15, 0, 16, 4], "texture": "#6"},
				"west": {"uv": [0, 0, 0, 0], "texture": "#6"},
				"up": {"uv": [3, 0, 6, 1], "rotation": 90, "texture": "#6"},
				"down": {"uv": [6, 9, 9, 10], "rotation": 270, "texture": "#6"}
			}
		},
		{
			"from": [8.5, 0, 3.5],
			"to": [12.5, 6, 12.5],
			"rotation": {"angle": 0, "axis": "y", "origin": [8, 5, 8]},
			"faces": {
				"north": {"uv": [0, 7, 4, 13], "texture": "#4"},
				"east": {"uv": [3, 1, 12, 7], "texture": "#4"},
				"south": {"uv": [3, 2, 7, 8], "texture": "#4"},
				"west": {"uv": [4, 4, 13, 10], "texture": "#4"},
				"up": {"uv": [4, 3, 13, 7], "rotation": 90, "texture": "#4"},
				"down": {"uv": [4, 10, 13, 14], "rotation": 270, "texture": "#4"}
			}
		},
		{
			"from": [11.99, -5, 6.99],
			"to": [14.01, 2, 9.01],
			"rotation": {"angle": 0, "axis": "y", "origin": [0, -3, 0]},
			"faces": {
				"north": {"uv": [16, 8, 14, 15], "texture": "#5"},
				"east": {"uv": [14, 7, 16, 14], "texture": "#5"},
				"south": {"uv": [16, 8, 14, 15], "texture": "#5"},
				"west": {"uv": [14, 7, 16, 14], "texture": "#5"},
				"up": {"uv": [6, 4, 4, 2], "texture": "#5"},
				"down": {"uv": [15, 1, 13, 3], "texture": "#5"}
			}
		},
		{
			"from": [11.5, 5, 7],
			"to": [13.5, 9, 9],
			"rotation": {"angle": 22.5, "axis": "z", "origin": [12.5, 6, 8]},
			"faces": {
				"north": {"uv": [16, 9, 14, 13], "texture": "#5"},
				"east": {"uv": [14, 8, 16, 12], "texture": "#5"},
				"south": {"uv": [16, 9, 14, 13], "texture": "#5"},
				"west": {"uv": [14, 8, 16, 12], "texture": "#5"},
				"up": {"uv": [15, 3, 13, 1], "texture": "#5"},
				"down": {"uv": [15, 1, 13, 3], "texture": "#5"}
			}
		},
		{
			"from": [7, 5, 2.5],
			"to": [9, 9, 4.5],
			"rotation": {"angle": 22.5, "axis": "x", "origin": [8, 6, 3.5]},
			"faces": {
				"north": {"uv": [16, 9, 14, 13], "texture": "#5"},
				"east": {"uv": [14, 8, 16, 12], "texture": "#5"},
				"south": {"uv": [16, 9, 14, 13], "texture": "#5"},
				"west": {"uv": [14, 8, 16, 12], "texture": "#5"},
				"up": {"uv": [15, 3, 13, 1], "texture": "#5"},
				"down": {"uv": [15, 1, 13, 3], "texture": "#5"}
			}
		},
		{
			"from": [7, 5, 11.5],
			"to": [9, 9, 13.5],
			"rotation": {"angle": -22.5, "axis": "x", "origin": [8, 6, 12.5]},
			"faces": {
				"north": {"uv": [16, 9, 14, 13], "texture": "#5"},
				"east": {"uv": [14, 8, 16, 12], "texture": "#5"},
				"south": {"uv": [16, 9, 14, 13], "texture": "#5"},
				"west": {"uv": [14, 8, 16, 12], "texture": "#5"},
				"up": {"uv": [15, 3, 13, 1], "texture": "#5"},
				"down": {"uv": [15, 1, 13, 3], "texture": "#5"}
			}
		},
		{
			"from": [2.5, 5, 7],
			"to": [4.5, 9, 9],
			"rotation": {"angle": -22.5, "axis": "z", "origin": [3.5, 6, 8]},
			"faces": {
				"north": {"uv": [16, 9, 14, 13], "texture": "#5"},
				"east": {"uv": [14, 8, 16, 12], "texture": "#5"},
				"south": {"uv": [16, 9, 14, 13], "texture": "#5"},
				"west": {"uv": [14, 8, 16, 12], "texture": "#5"},
				"up": {"uv": [15, 3, 13, 1], "texture": "#5"},
				"down": {"uv": [15, 1, 13, 3], "texture": "#5"}
			}
		},
		{
			"from": [1.99, -5, 6.99],
			"to": [4.01, 2, 9.01],
			"rotation": {"angle": 0, "axis": "y", "origin": [0, -3, 0]},
			"faces": {
				"north": {"uv": [16, 8, 14, 15], "texture": "#5"},
				"east": {"uv": [14, 7, 16, 14], "texture": "#5"},
				"south": {"uv": [16, 8, 14, 15], "texture": "#5"},
				"west": {"uv": [14, 7, 16, 14], "texture": "#5"},
				"up": {"uv": [4, 2, 6, 4], "texture": "#5"},
				"down": {"uv": [15, 1, 13, 3], "texture": "#5"}
			}
		},
		{
			"from": [6.99, -5, 11.99],
			"to": [9.01, 2, 14.01],
			"rotation": {"angle": 0, "axis": "y", "origin": [0, -3, 0]},
			"faces": {
				"north": {"uv": [16, 8, 14, 15], "texture": "#5"},
				"east": {"uv": [14, 7, 16, 14], "texture": "#5"},
				"south": {"uv": [16, 8, 14, 15], "texture": "#5"},
				"west": {"uv": [14, 7, 16, 14], "texture": "#5"},
				"up": {"uv": [6, 4, 4, 2], "texture": "#5"},
				"down": {"uv": [15, 1, 13, 3], "texture": "#5"}
			}
		},
		{
			"from": [6.99, -5, 1.99],
			"to": [9.01, 2, 4.01],
			"rotation": {"angle": 0, "axis": "y", "origin": [0, -3, 0]},
			"faces": {
				"north": {"uv": [16, 8, 14, 15], "texture": "#5"},
				"east": {"uv": [14, 7, 16, 14], "texture": "#5"},
				"south": {"uv": [16, 8, 14, 15], "texture": "#5"},
				"west": {"uv": [14, 7, 16, 14], "texture": "#5"},
				"up": {"uv": [4, 2, 6, 4], "texture": "#5"},
				"down": {"uv": [15, 1, 13, 3], "texture": "#5"}
			}
		},
		{
			"from": [6, 3, 6],
			"to": [10, 7, 10],
			"rotation": {"angle": 0, "axis": "y", "origin": [0, -3, 0]},
			"faces": {
				"north": {"uv": [10, 10, 6, 6], "rotation": 270, "texture": "#8"},
				"east": {"uv": [6, 6, 10, 10], "texture": "#8"},
				"south": {"uv": [10, 6, 6, 10], "rotation": 180, "texture": "#8"},
				"west": {"uv": [6, 6, 10, 10], "texture": "#8"},
				"up": {"uv": [6, 6, 10, 10], "texture": "#8"},
				"down": {"uv": [6, 6, 10, 10], "texture": "#8"}
			}
		}
	],
	"display": {
		"firstperson_righthand": {
			"rotation": [0, 45, 0],
			"translation": [0, 2, 0],
			"scale": [0.4, 0.4, 0.4]
		},
		"firstperson_lefthand": {
			"rotation": [0, -135, 0],
			"translation": [0, 2, 0],
			"scale": [0.4, 0.4, 0.4]
		}
	}
}