{
    "parent":"block/block",
    "textures": {
        "0": "embers:block/block_caminite_brick",
        "1": "embers:block/crystal_activator",
        "2": "embers:block/machine_accessor_top",
        "3": "embers:block/activator_base_siding",
        "4": "embers:block/plates",
        "particle": "embers:block/crystal_activator"
    },
    "elements": [
        {
            "name": "Cube",
            "from": [ 0.0, 0.0, 0.0 ], 
            "to": [ 4.0, 4.0, 4.0 ], 
            "faces": {
                "north": { "texture": "#0", "uv": [ 7.0, 8.0, 11.0, 12.0 ] },
                "east": { "texture": "#0", "uv": [ 5.0, 4.0, 9.0, 8.0 ] },
                "south": { "texture": "#0", "uv": [ 2.0, 8.0, 6.0, 12.0 ] },
                "west": { "texture": "#0", "uv": [ 3.0, 0.0, 7.0, 4.0 ] },
                "up": { "texture": "#0", "uv": [ 5.0, 4.0, 9.0, 8.0 ] },
                "down": { "texture": "#0", "uv": [ 7.0, 8.0, 11.0, 12.0 ] }
            }
        },
        {
            "name": "Cube",
            "from": [ 12.0, 0.0, 0.0 ], 
            "to": [ 16.0, 4.0, 4.0 ], 
            "faces": {
                "north": { "texture": "#0", "uv": [ 7.0, 8.0, 11.0, 12.0 ] },
                "east": { "texture": "#0", "uv": [ 5.0, 4.0, 9.0, 8.0 ] },
                "south": { "texture": "#0", "uv": [ 2.0, 8.0, 6.0, 12.0 ] },
                "west": { "texture": "#0", "uv": [ 3.0, 0.0, 7.0, 4.0 ] },
                "up": { "texture": "#0", "uv": [ 5.0, 4.0, 9.0, 8.0 ] },
                "down": { "texture": "#0", "uv": [ 7.0, 8.0, 11.0, 12.0 ] }
            }
        },
        {
            "name": "Cube",
            "from": [ 12.0, 0.0, 12.0 ], 
            "to": [ 16.0, 4.0, 16.0 ], 
            "faces": {
                "north": { "texture": "#0", "uv": [ 7.0, 8.0, 11.0, 12.0 ] },
                "east": { "texture": "#0", "uv": [ 5.0, 4.0, 9.0, 8.0 ] },
                "south": { "texture": "#0", "uv": [ 2.0, 8.0, 6.0, 12.0 ] },
                "west": { "texture": "#0", "uv": [ 3.0, 0.0, 7.0, 4.0 ] },
                "up": { "texture": "#0", "uv": [ 5.0, 4.0, 9.0, 8.0 ] },
                "down": { "texture": "#0", "uv": [ 7.0, 8.0, 11.0, 12.0 ] }
            }
        },
        {
            "name": "Cube",
            "from": [ 0.0, 0.0, 12.0 ], 
            "to": [ 4.0, 4.0, 16.0 ], 
            "faces": {
                "north": { "texture": "#0", "uv": [ 7.0, 8.0, 11.0, 12.0 ] },
                "east": { "texture": "#0", "uv": [ 5.0, 4.0, 9.0, 8.0 ] },
                "south": { "texture": "#0", "uv": [ 2.0, 8.0, 6.0, 12.0 ] },
                "west": { "texture": "#0", "uv": [ 3.0, 0.0, 7.0, 4.0 ] },
                "up": { "texture": "#0", "uv": [ 5.0, 4.0, 9.0, 8.0 ] },
                "down": { "texture": "#0", "uv": [ 7.0, 8.0, 11.0, 12.0 ] }
            }
        },
        {
            "name": "Cube",
            "from": [ 1.0, 0.0, 4.0 ], 
            "to": [ 4.0, 3.0, 12.0 ], 
            "faces": {
                "north": { "texture": "#0", "uv": [ 7.0, 9.0, 10.0, 12.0 ] },
                "east": { "texture": "#0", "uv": [ 5.0, 5.0, 13.0, 8.0 ] },
                "south": { "texture": "#0", "uv": [ 2.0, 8.0, 5.0, 11.0 ] },
                "west": { "texture": "#0", "uv": [ 4.0, 9.0, 12.0, 12.0 ] },
                "up": { "texture": "#0", "uv": [ 6.0, 4.0, 9.0, 12.0 ] },
                "down": { "texture": "#0", "uv": [ 6.0, 8.0, 9.0, 16.0 ] }
            }
        },
        {
            "name": "Cube",
            "from": [ 12.0, 0.0, 4.0 ], 
            "to": [ 15.0, 3.0, 12.0 ], 
            "faces": {
                "north": { "texture": "#0", "uv": [ 7.0, 9.0, 10.0, 12.0 ] },
                "east": { "texture": "#0", "uv": [ 5.0, 5.0, 13.0, 8.0 ] },
                "south": { "texture": "#0", "uv": [ 2.0, 8.0, 5.0, 11.0 ] },
                "west": { "texture": "#0", "uv": [ 4.0, 9.0, 12.0, 12.0 ] },
                "up": { "texture": "#0", "uv": [ 6.0, 4.0, 9.0, 12.0 ] },
                "down": { "texture": "#0", "uv": [ 6.0, 8.0, 9.0, 16.0 ] }
            }
        },
        {
            "name": "Cube",
            "from": [ 4.0, 0.0, 12.0 ], 
            "to": [ 12.0, 3.0, 15.0 ], 
            "faces": {
                "north": { "texture": "#0", "uv": [ 7.0, 9.0, 15.0, 12.0 ] },
                "east": { "texture": "#0", "uv": [ 5.0, 5.0, 8.0, 8.0 ] },
                "south": { "texture": "#0", "uv": [ 2.0, 9.0, 10.0, 12.0 ] },
                "west": { "texture": "#0", "uv": [ 4.0, 9.0, 7.0, 12.0 ] },
                "up": { "texture": "#0", "uv": [ 3.0, 5.0, 11.0, 8.0 ] },
                "down": { "texture": "#0", "uv": [ 3.0, 9.0, 11.0, 12.0 ] }
            }
        },
        {
            "name": "Cube",
            "from": [ 4.0, 0.0, 1.0 ], 
            "to": [ 12.0, 3.0, 4.0 ], 
            "faces": {
                "north": { "texture": "#0", "uv": [ 7.0, 9.0, 15.0, 12.0 ] },
                "east": { "texture": "#0", "uv": [ 5.0, 5.0, 8.0, 8.0 ] },
                "south": { "texture": "#0", "uv": [ 2.0, 9.0, 10.0, 12.0 ] },
                "west": { "texture": "#0", "uv": [ 4.0, 9.0, 7.0, 12.0 ] },
                "up": { "texture": "#0", "uv": [ 3.0, 5.0, 11.0, 8.0 ] },
                "down": { "texture": "#0", "uv": [ 3.0, 9.0, 11.0, 12.0 ] }
            }
        },
        {
            "name": "Cube",
            "from": [ 4.0, 0.0, 4.0 ], 
            "to": [ 12.0, 9.0, 12.0 ], 
            "faces": {
                "north": { "texture": "#1", "uv": [ 0.0, 8.0, 8.0, 17.0 ] },
                "east": { "texture": "#1", "uv": [ 0.0, 8.0, 8.0, 17.0 ] },
                "south": { "texture": "#1", "uv": [ 0.0, 8.0, 8.0, 17.0 ] },
                "west": { "texture": "#1", "uv": [ 0.0, 8.0, 8.0, 17.0 ] },
                "up": { "texture": "#1", "uv": [ 0.0, 8.0, 8.0, 16.0 ] },
                "down": { "texture": "#1", "uv": [ 0.0, 8.0, 8.0, 16.0 ] }
            }
        },
        {
            "name": "Cube",
            "from": [ 2.0, 3.0, 2.0 ], 
            "to": [ 6.0, 7.0, 6.0 ], 
            "faces": {
                "north": { "texture": "#1", "uv": [ 10.0, 10.0, 14.0, 14.0 ] },
                "east": { "texture": "#1", "uv": [ 10.0, 10.0, 14.0, 14.0 ] },
                "south": { "texture": "#1", "uv": [ 10.0, 10.0, 14.0, 14.0 ] },
                "west": { "texture": "#1", "uv": [ 10.0, 10.0, 14.0, 14.0 ] },
                "up": { "texture": "#1", "uv": [ 10.0, 10.0, 14.0, 14.0 ] },
                "down": { "texture": "#1", "uv": [ 10.0, 10.0, 14.0, 14.0 ] }
            }
        },
        {
            "name": "Cube",
            "from": [ 10.0, 3.0, 2.0 ], 
            "to": [ 14.0, 7.0, 6.0 ], 
            "faces": {
                "north": { "texture": "#1", "uv": [ 10.0, 10.0, 14.0, 14.0 ] },
                "east": { "texture": "#1", "uv": [ 10.0, 10.0, 14.0, 14.0 ] },
                "south": { "texture": "#1", "uv": [ 10.0, 10.0, 14.0, 14.0 ] },
                "west": { "texture": "#1", "uv": [ 10.0, 10.0, 14.0, 14.0 ] },
                "up": { "texture": "#1", "uv": [ 10.0, 10.0, 14.0, 14.0 ] },
                "down": { "texture": "#1", "uv": [ 10.0, 10.0, 14.0, 14.0 ] }
            }
        },
        {
            "name": "Cube",
            "from": [ 10.0, 3.0, 10.0 ], 
            "to": [ 14.0, 7.0, 14.0 ], 
            "faces": {
                "north": { "texture": "#1", "uv": [ 10.0, 10.0, 14.0, 14.0 ] },
                "east": { "texture": "#1", "uv": [ 10.0, 10.0, 14.0, 14.0 ] },
                "south": { "texture": "#1", "uv": [ 10.0, 10.0, 14.0, 14.0 ] },
                "west": { "texture": "#1", "uv": [ 10.0, 10.0, 14.0, 14.0 ] },
                "up": { "texture": "#1", "uv": [ 10.0, 10.0, 14.0, 14.0 ] },
                "down": { "texture": "#1", "uv": [ 10.0, 10.0, 14.0, 14.0 ] }
            }
        },
        {
            "name": "Cube",
            "from": [ 2.0, 3.0, 10.0 ], 
            "to": [ 6.0, 7.0, 14.0 ], 
            "faces": {
                "north": { "texture": "#1", "uv": [ 10.0, 10.0, 14.0, 14.0 ] },
                "east": { "texture": "#1", "uv": [ 10.0, 10.0, 14.0, 14.0 ] },
                "south": { "texture": "#1", "uv": [ 10.0, 10.0, 14.0, 14.0 ] },
                "west": { "texture": "#1", "uv": [ 10.0, 10.0, 14.0, 14.0 ] },
                "up": { "texture": "#1", "uv": [ 10.0, 10.0, 14.0, 14.0 ] },
                "down": { "texture": "#1", "uv": [ 10.0, 10.0, 14.0, 14.0 ] }
            }
        },
        {
            "name": "Cube",
            "from": [ 4.0, 9.0, 4.0 ], 
            "to": [ 12.0, 15.0, 12.0 ], 
            "faces": {
                "north": { "texture": "#1", "uv": [ 0.0, 0.0, 8.0, 6.0 ] },
                "east": { "texture": "#1", "uv": [ 0.0, 0.0, 8.0, 6.0 ] },
                "south": { "texture": "#1", "uv": [ 0.0, 0.0, 8.0, 6.0 ] },
                "west": { "texture": "#1", "uv": [ 0.0, 0.0, 8.0, 6.0 ] },
                "up": { "texture": "#1", "uv": [ 0.0, 8.0, 8.0, 16.0 ] },
                "down": { "texture": "#1", "uv": [ 0.0, 8.0, 8.0, 16.0 ] }
            }
        },
        {
            "name": "Cube",
            "from": [ 3.0, 14.0, 3.0 ], 
            "to": [ 13.0, 16.0, 13.0 ], 
            "faces": {
                "north": { "texture": "#2", "uv": [ 0.0, 8.0, 10.0, 10.0 ] },
                "east": { "texture": "#2", "uv": [ 0.0, 8.0, 10.0, 10.0 ] },
                "south": { "texture": "#2", "uv": [ 0.0, 8.0, 10.0, 10.0 ] },
                "west": { "texture": "#2", "uv": [ 0.0, 8.0, 10.0, 10.0 ] },
                "up": { "texture": "#2", "uv": [ 0.0, 0.0, 10.0, 10.0 ] },
                "down": { "texture": "#2", "uv": [ 0.0, 0.0, 10.0, 10.0 ] }
            }
        },
        {
            "name": "Cube",
            "from": [ 2.0, 3.0, 6.0 ], 
            "to": [ 4.0, 10.0, 10.0 ], 
            "faces": {
                "north": { "texture": "#3", "uv": [ 0.0, 6.0, 2.0, 13.0 ] },
                "east": { "texture": "#3", "uv": [ 1.0, 6.0, 5.0, 13.0 ] },
                "south": { "texture": "#3", "uv": [ 4.0, 6.0, 6.0, 13.0 ] },
                "west": { "texture": "#3", "uv": [ 1.0, 6.0, 5.0, 13.0 ] },
                "up": { "texture": "#3", "uv": [ 4.0, 7.0, 6.0, 11.0 ] },
                "down": { "texture": "#3", "uv": [ 0.0, 7.0, 2.0, 11.0 ] }
            }
        },
        {
            "name": "Cube",
            "from": [ 12.0, 3.0, 6.0 ], 
            "to": [ 14.0, 10.0, 10.0 ], 
            "faces": {
                "north": { "texture": "#3", "uv": [ 4.0, 6.0, 6.0, 13.0 ] },
                "east": { "texture": "#3", "uv": [ 1.0, 6.0, 5.0, 13.0 ] },
                "south": { "texture": "#3", "uv": [ 0.0, 6.0, 2.0, 13.0 ] },
                "west": { "texture": "#3", "uv": [ 1.0, 6.0, 5.0, 13.0 ] },
                "up": { "texture": "#3", "uv": [ 0.0, 7.0, 2.0, 11.0 ] },
                "down": { "texture": "#3", "uv": [ 4.0, 7.0, 6.0, 11.0 ] }
            }
        },
        {
            "name": "Cube",
            "from": [ 6.0, 3.0, 2.0 ], 
            "to": [ 10.0, 10.0, 4.0 ], 
            "faces": {
                "north": { "texture": "#3", "uv": [ 1.0, 6.0, 5.0, 13.0 ] },
                "east": { "texture": "#3", "uv": [ 0.0, 6.0, 2.0, 13.0 ] },
                "south": { "texture": "#3", "uv": [ 1.0, 6.0, 5.0, 13.0 ] },
                "west": { "texture": "#3", "uv": [ 4.0, 6.0, 6.0, 13.0 ] },
                "up": { "texture": "#3", "uv": [ 1.0, 11.0, 5.0, 13.0 ] },
                "down": { "texture": "#3", "uv": [ 1.0, 6.0, 5.0, 8.0 ] }
            }
        },
        {
            "name": "Cube",
            "from": [ 6.0, 3.0, 12.0 ], 
            "to": [ 10.0, 10.0, 14.0 ], 
            "faces": {
                "north": { "texture": "#3", "uv": [ 1.0, 6.0, 5.0, 13.0 ] },
                "east": { "texture": "#3", "uv": [ 4.0, 6.0, 6.0, 13.0 ] },
                "south": { "texture": "#3", "uv": [ 1.0, 6.0, 5.0, 13.0 ] },
                "west": { "texture": "#3", "uv": [ 0.0, 6.0, 2.0, 13.0 ] },
                "up": { "texture": "#3", "uv": [ 1.0, 6.0, 5.0, 8.0 ] },
                "down": { "texture": "#3", "uv": [ 1.0, 11.0, 5.0, 13.0 ] }
            }
        },
        {
            "name": "Cube",
            "from": [ 6.0, 6.0, 0.0 ], 
            "to": [ 10.0, 10.0, 2.0 ], 
            "faces": {
                "north": { "texture": "#4", "uv": [ 10.0, 10.0, 14.0, 14.0 ] },
                "east": { "texture": "#4", "uv": [ 6.0, 10.0, 8.0, 14.0 ] },
                "south": { "texture": "#4", "uv": [ 10.0, 10.0, 14.0, 14.0 ] },
                "west": { "texture": "#4", "uv": [ 0.0, 10.0, 2.0, 14.0 ] },
                "up": { "texture": "#4", "uv": [ 2.0, 8.0, 6.0, 10.0 ] },
                "down": { "texture": "#4", "uv": [ 2.0, 14.0, 6.0, 16.0 ] }
            }
        },
        {
            "name": "Cube",
            "from": [ 6.0, 6.0, 14.0 ], 
            "to": [ 10.0, 10.0, 16.0 ], 
            "faces": {
                "north": { "texture": "#4", "uv": [ 10.0, 10.0, 14.0, 14.0 ] },
                "east": { "texture": "#4", "uv": [ 0.0, 10.0, 2.0, 14.0 ] },
                "south": { "texture": "#4", "uv": [ 10.0, 10.0, 14.0, 14.0 ] },
                "west": { "texture": "#4", "uv": [ 6.0, 10.0, 8.0, 14.0 ] },
                "up": { "texture": "#4", "uv": [ 2.0, 14.0, 6.0, 16.0 ] },
                "down": { "texture": "#4", "uv": [ 2.0, 8.0, 6.0, 10.0 ] }
            }
        },
        {
            "name": "Cube",
            "from": [ 14.0, 6.0, 6.0 ], 
            "to": [ 16.0, 10.0, 10.0 ], 
            "faces": {
                "north": { "texture": "#4", "uv": [ 0.0, 10.0, 2.0, 14.0 ] },
                "east": { "texture": "#4", "uv": [ 10.0, 10.0, 14.0, 14.0 ] },
                "south": { "texture": "#4", "uv": [ 6.0, 10.0, 8.0, 14.0 ] },
                "west": { "texture": "#4", "uv": [ 10.0, 10.0, 14.0, 14.0 ] },
                "up": { "texture": "#4", "uv": [ 6.0, 10.0, 8.0, 14.0 ] },
                "down": { "texture": "#4", "uv": [ 6.0, 10.0, 8.0, 14.0 ] }
            }
        },
        {
            "name": "Cube",
            "from": [ 0.0, 6.0, 6.0 ], 
            "to": [ 2.0, 10.0, 10.0 ], 
            "faces": {
                "north": { "texture": "#4", "uv": [ 6.0, 10.0, 8.0, 14.0 ] },
                "east": { "texture": "#4", "uv": [ 10.0, 10.0, 14.0, 14.0 ] },
                "south": { "texture": "#4", "uv": [ 0.0, 10.0, 2.0, 14.0 ] },
                "west": { "texture": "#4", "uv": [ 10.0, 10.0, 14.0, 14.0 ] },
                "up": { "texture": "#4", "uv": [ 0.0, 10.0, 2.0, 14.0 ] },
                "down": { "texture": "#4", "uv": [ 0.0, 10.0, 2.0, 14.0 ] }
            }
        }
    ]
}