{
	"format_version": "1.21.6",
	"credit": "Made with Blockbench",
	"parent": "block/block",
	"textures": {
		"0": "embers:block/block_caminite_brick",
		"1": "embers:block/plates",
		"2": "embers:block/stamp_motor",
		"particle": "embers:block/plates"
	},
	"elements": [
		{
			"name": "Cube",
			"from": [0, 0, 0],
			"to": [4, 4, 4],
			"faces": {
				"north": {"uv": [7, 8, 11, 12], "texture": "#0"},
				"east": {"uv": [7, 8, 11, 12], "texture": "#0"},
				"south": {"uv": [7, 8, 11, 12], "texture": "#0"},
				"west": {"uv": [7, 8, 11, 12], "texture": "#0"},
				"up": {"uv": [7, 8, 11, 12], "texture": "#0"},
				"down": {"uv": [7, 8, 11, 12], "texture": "#0"}
			}
		},
		{
			"name": "Cube",
			"from": [12, 0, 0],
			"to": [16, 4, 4],
			"faces": {
				"north": {"uv": [7, 8, 11, 12], "texture": "#0"},
				"east": {"uv": [7, 8, 11, 12], "texture": "#0"},
				"south": {"uv": [7, 8, 11, 12], "texture": "#0"},
				"west": {"uv": [7, 8, 11, 12], "texture": "#0"},
				"up": {"uv": [7, 8, 11, 12], "texture": "#0"},
				"down": {"uv": [7, 8, 11, 12], "texture": "#0"}
			}
		},
		{
			"name": "Cube",
			"from": [12, 0, 12],
			"to": [16, 4, 16],
			"faces": {
				"north": {"uv": [7, 8, 11, 12], "texture": "#0"},
				"east": {"uv": [7, 8, 11, 12], "texture": "#0"},
				"south": {"uv": [7, 8, 11, 12], "texture": "#0"},
				"west": {"uv": [7, 8, 11, 12], "texture": "#0"},
				"up": {"uv": [7, 8, 11, 12], "texture": "#0"},
				"down": {"uv": [7, 8, 11, 12], "texture": "#0"}
			}
		},
		{
			"name": "Cube",
			"from": [0, 0, 12],
			"to": [4, 4, 16],
			"faces": {
				"north": {"uv": [7, 8, 11, 12], "texture": "#0"},
				"east": {"uv": [7, 8, 11, 12], "texture": "#0"},
				"south": {"uv": [7, 8, 11, 12], "texture": "#0"},
				"west": {"uv": [7, 8, 11, 12], "texture": "#0"},
				"up": {"uv": [7, 8, 11, 12], "texture": "#0"},
				"down": {"uv": [7, 8, 11, 12], "texture": "#0"}
			}
		},
		{
			"name": "Cube",
			"from": [1, 4, 12],
			"to": [4, 8, 15],
			"faces": {
				"north": {"uv": [7, 8, 10, 12], "texture": "#0"},
				"east": {"uv": [7, 8, 10, 12], "texture": "#0"},
				"south": {"uv": [7, 8, 10, 12], "texture": "#0"},
				"west": {"uv": [7, 8, 10, 12], "texture": "#0"},
				"up": {"uv": [7, 9, 10, 12], "texture": "#0"},
				"down": {"uv": [7, 9, 10, 12], "texture": "#0"}
			}
		},
		{
			"name": "Cube",
			"from": [1, 8, 12],
			"to": [4, 12, 15],
			"faces": {
				"north": {"uv": [7, 8, 10, 12], "texture": "#0"},
				"east": {"uv": [7, 8, 10, 12], "texture": "#0"},
				"south": {"uv": [7, 8, 10, 12], "texture": "#0"},
				"west": {"uv": [7, 8, 10, 12], "texture": "#0"},
				"up": {"uv": [7, 9, 10, 12], "texture": "#0"},
				"down": {"uv": [7, 9, 10, 12], "texture": "#0"}
			}
		},
		{
			"name": "Cube",
			"from": [12, 4, 12],
			"to": [15, 8, 15],
			"faces": {
				"north": {"uv": [7, 8, 10, 12], "texture": "#0"},
				"east": {"uv": [7, 8, 10, 12], "texture": "#0"},
				"south": {"uv": [7, 8, 10, 12], "texture": "#0"},
				"west": {"uv": [7, 8, 10, 12], "texture": "#0"},
				"up": {"uv": [7, 9, 10, 12], "texture": "#0"},
				"down": {"uv": [7, 9, 10, 12], "texture": "#0"}
			}
		},
		{
			"name": "Cube",
			"from": [12, 4, 1],
			"to": [15, 8, 4],
			"faces": {
				"north": {"uv": [7, 8, 10, 12], "texture": "#0"},
				"east": {"uv": [7, 8, 10, 12], "texture": "#0"},
				"south": {"uv": [7, 8, 10, 12], "texture": "#0"},
				"west": {"uv": [7, 8, 10, 12], "texture": "#0"},
				"up": {"uv": [7, 9, 10, 12], "texture": "#0"},
				"down": {"uv": [7, 9, 10, 12], "texture": "#0"}
			}
		},
		{
			"name": "Cube",
			"from": [1, 4, 1],
			"to": [4, 8, 4],
			"faces": {
				"north": {"uv": [7, 8, 10, 12], "texture": "#0"},
				"east": {"uv": [7, 8, 10, 12], "texture": "#0"},
				"south": {"uv": [7, 8, 10, 12], "texture": "#0"},
				"west": {"uv": [7, 8, 10, 12], "texture": "#0"},
				"up": {"uv": [7, 9, 10, 12], "texture": "#0"},
				"down": {"uv": [7, 9, 10, 12], "texture": "#0"}
			}
		},
		{
			"name": "Cube",
			"from": [12, 8, 12],
			"to": [15, 12, 15],
			"faces": {
				"north": {"uv": [7, 8, 10, 12], "texture": "#0"},
				"east": {"uv": [7, 8, 10, 12], "texture": "#0"},
				"south": {"uv": [7, 8, 10, 12], "texture": "#0"},
				"west": {"uv": [7, 8, 10, 12], "texture": "#0"},
				"up": {"uv": [7, 9, 10, 12], "texture": "#0"},
				"down": {"uv": [7, 9, 10, 12], "texture": "#0"}
			}
		},
		{
			"name": "Cube",
			"from": [1, 8, 1],
			"to": [4, 12, 4],
			"faces": {
				"north": {"uv": [7, 8, 10, 12], "texture": "#0"},
				"east": {"uv": [7, 8, 10, 12], "texture": "#0"},
				"south": {"uv": [7, 8, 10, 12], "texture": "#0"},
				"west": {"uv": [7, 8, 10, 12], "texture": "#0"},
				"up": {"uv": [7, 9, 10, 12], "texture": "#0"},
				"down": {"uv": [7, 9, 10, 12], "texture": "#0"}
			}
		},
		{
			"name": "Cube",
			"from": [12, 8, 1],
			"to": [15, 12, 4],
			"faces": {
				"north": {"uv": [7, 8, 10, 12], "texture": "#0"},
				"east": {"uv": [7, 8, 10, 12], "texture": "#0"},
				"south": {"uv": [7, 8, 10, 12], "texture": "#0"},
				"west": {"uv": [7, 8, 10, 12], "texture": "#0"},
				"up": {"uv": [7, 9, 10, 12], "texture": "#0"},
				"down": {"uv": [7, 9, 10, 12], "texture": "#0"}
			}
		},
		{
			"name": "Cube",
			"from": [0, 12, 0],
			"to": [4, 16, 4],
			"faces": {
				"north": {"uv": [7, 8, 11, 12], "texture": "#0"},
				"east": {"uv": [7, 8, 11, 12], "texture": "#0"},
				"south": {"uv": [7, 8, 11, 12], "texture": "#0"},
				"west": {"uv": [7, 8, 11, 12], "texture": "#0"},
				"up": {"uv": [7, 8, 11, 12], "texture": "#0"},
				"down": {"uv": [7, 8, 11, 12], "texture": "#0"}
			}
		},
		{
			"name": "Cube",
			"from": [12, 12, 12],
			"to": [16, 16, 16],
			"faces": {
				"north": {"uv": [7, 8, 11, 12], "texture": "#0"},
				"east": {"uv": [7, 8, 11, 12], "texture": "#0"},
				"south": {"uv": [7, 8, 11, 12], "texture": "#0"},
				"west": {"uv": [7, 8, 11, 12], "texture": "#0"},
				"up": {"uv": [7, 8, 11, 12], "texture": "#0"},
				"down": {"uv": [7, 8, 11, 12], "texture": "#0"}
			}
		},
		{
			"name": "Cube",
			"from": [12, 12, 0],
			"to": [16, 16, 4],
			"faces": {
				"north": {"uv": [7, 8, 11, 12], "texture": "#0"},
				"east": {"uv": [7, 8, 11, 12], "texture": "#0"},
				"south": {"uv": [7, 8, 11, 12], "texture": "#0"},
				"west": {"uv": [7, 8, 11, 12], "texture": "#0"},
				"up": {"uv": [7, 8, 11, 12], "texture": "#0"},
				"down": {"uv": [7, 8, 11, 12], "texture": "#0"}
			}
		},
		{
			"name": "Cube",
			"from": [0, 12, 12],
			"to": [4, 16, 16],
			"faces": {
				"north": {"uv": [7, 8, 11, 12], "texture": "#0"},
				"east": {"uv": [7, 8, 11, 12], "texture": "#0"},
				"south": {"uv": [7, 8, 11, 12], "texture": "#0"},
				"west": {"uv": [7, 8, 11, 12], "texture": "#0"},
				"up": {"uv": [7, 8, 11, 12], "texture": "#0"},
				"down": {"uv": [7, 8, 11, 12], "texture": "#0"}
			}
		},
		{
			"name": "Cube",
			"from": [4, 12, 12],
			"to": [8, 15, 15],
			"faces": {
				"north": {"uv": [7, 9, 11, 12], "texture": "#0"},
				"east": {"uv": [7, 9, 10, 12], "texture": "#0"},
				"south": {"uv": [7, 9, 11, 12], "texture": "#0"},
				"west": {"uv": [7, 9, 10, 12], "texture": "#0"},
				"up": {"uv": [7, 9, 11, 12], "texture": "#0"},
				"down": {"uv": [7, 9, 11, 12], "texture": "#0"}
			}
		},
		{
			"name": "Cube",
			"from": [8, 12, 12],
			"to": [12, 15, 15],
			"faces": {
				"north": {"uv": [7, 9, 11, 12], "texture": "#0"},
				"east": {"uv": [7, 9, 10, 12], "texture": "#0"},
				"south": {"uv": [7, 9, 11, 12], "texture": "#0"},
				"west": {"uv": [7, 9, 10, 12], "texture": "#0"},
				"up": {"uv": [7, 9, 11, 12], "texture": "#0"},
				"down": {"uv": [7, 9, 11, 12], "texture": "#0"}
			}
		},
		{
			"name": "Cube",
			"from": [8, 12, 1],
			"to": [12, 15, 4],
			"faces": {
				"north": {"uv": [7, 9, 11, 12], "texture": "#0"},
				"east": {"uv": [7, 9, 10, 12], "texture": "#0"},
				"south": {"uv": [7, 9, 11, 12], "texture": "#0"},
				"west": {"uv": [7, 9, 10, 12], "texture": "#0"},
				"up": {"uv": [7, 9, 11, 12], "texture": "#0"},
				"down": {"uv": [7, 9, 11, 12], "texture": "#0"}
			}
		},
		{
			"name": "Cube",
			"from": [4, 12, 1],
			"to": [8, 15, 4],
			"faces": {
				"north": {"uv": [7, 9, 11, 12], "texture": "#0"},
				"east": {"uv": [7, 9, 10, 12], "texture": "#0"},
				"south": {"uv": [7, 9, 11, 12], "texture": "#0"},
				"west": {"uv": [7, 9, 10, 12], "texture": "#0"},
				"up": {"uv": [7, 9, 11, 12], "texture": "#0"},
				"down": {"uv": [7, 9, 11, 12], "texture": "#0"}
			}
		},
		{
			"name": "Cube",
			"from": [1, 12, 4],
			"to": [4, 15, 8],
			"faces": {
				"north": {"uv": [7, 9, 10, 12], "texture": "#0"},
				"east": {"uv": [7, 9, 11, 12], "texture": "#0"},
				"south": {"uv": [7, 9, 10, 12], "texture": "#0"},
				"west": {"uv": [7, 9, 11, 12], "texture": "#0"},
				"up": {"uv": [7, 8, 10, 12], "texture": "#0"},
				"down": {"uv": [7, 8, 10, 12], "texture": "#0"}
			}
		},
		{
			"name": "Cube",
			"from": [1, 12, 8],
			"to": [4, 15, 12],
			"faces": {
				"north": {"uv": [7, 9, 10, 12], "texture": "#0"},
				"east": {"uv": [7, 9, 11, 12], "texture": "#0"},
				"south": {"uv": [7, 9, 10, 12], "texture": "#0"},
				"west": {"uv": [7, 9, 11, 12], "texture": "#0"},
				"up": {"uv": [7, 8, 10, 12], "texture": "#0"},
				"down": {"uv": [7, 8, 10, 12], "texture": "#0"}
			}
		},
		{
			"name": "Cube",
			"from": [12, 12, 8],
			"to": [15, 15, 12],
			"faces": {
				"north": {"uv": [7, 9, 10, 12], "texture": "#0"},
				"east": {"uv": [7, 9, 11, 12], "texture": "#0"},
				"south": {"uv": [7, 9, 10, 12], "texture": "#0"},
				"west": {"uv": [7, 9, 11, 12], "texture": "#0"},
				"up": {"uv": [7, 8, 10, 12], "texture": "#0"},
				"down": {"uv": [7, 8, 10, 12], "texture": "#0"}
			}
		},
		{
			"name": "Cube",
			"from": [12, 12, 4],
			"to": [15, 15, 8],
			"faces": {
				"north": {"uv": [7, 9, 10, 12], "texture": "#0"},
				"east": {"uv": [7, 9, 11, 12], "texture": "#0"},
				"south": {"uv": [7, 9, 10, 12], "texture": "#0"},
				"west": {"uv": [7, 9, 11, 12], "texture": "#0"},
				"up": {"uv": [7, 8, 10, 12], "texture": "#0"},
				"down": {"uv": [7, 8, 10, 12], "texture": "#0"}
			}
		},
		{
			"name": "Cube",
			"from": [4, 12, 4],
			"to": [12, 14, 12],
			"faces": {
				"north": {"uv": [0, 14, 8, 16], "texture": "#1"},
				"east": {"uv": [0, 14, 8, 16], "texture": "#1"},
				"south": {"uv": [0, 14, 8, 16], "texture": "#1"},
				"west": {"uv": [0, 14, 8, 16], "texture": "#1"},
				"up": {"uv": [0, 8, 8, 16], "texture": "#1"},
				"down": {"uv": [0, 8, 8, 16], "texture": "#1"}
			}
		},
		{
			"name": "Cube",
			"from": [4, 4, 2],
			"to": [12, 12, 4],
			"faces": {
				"north": {"uv": [8, 0, 16, 8], "texture": "#1"},
				"east": {"uv": [8, 0, 10, 8], "texture": "#1"},
				"south": {"uv": [8, 0, 16, 8], "texture": "#1"},
				"west": {"uv": [8, 0, 10, 8], "texture": "#1"},
				"up": {"uv": [8, 0, 16, 2], "texture": "#1"},
				"down": {"uv": [8, 0, 16, 2], "texture": "#1"}
			}
		},
		{
			"name": "Cube",
			"from": [4, 4, 12],
			"to": [12, 12, 14],
			"faces": {
				"north": {"uv": [8, 0, 16, 8], "texture": "#1"},
				"east": {"uv": [8, 0, 10, 8], "texture": "#1"},
				"south": {"uv": [8, 0, 16, 8], "texture": "#1"},
				"west": {"uv": [8, 0, 10, 8], "texture": "#1"},
				"up": {"uv": [8, 6, 16, 8], "texture": "#1"},
				"down": {"uv": [8, 6, 16, 8], "texture": "#1"}
			}
		},
		{
			"name": "Cube",
			"from": [12, 4, 4],
			"to": [14, 12, 12],
			"faces": {
				"north": {"uv": [8, 0, 10, 8], "texture": "#1"},
				"east": {"uv": [8, 0, 16, 8], "texture": "#1"},
				"south": {"uv": [8, 0, 10, 8], "texture": "#1"},
				"west": {"uv": [8, 0, 16, 8], "texture": "#1"},
				"up": {"uv": [14, 0, 16, 8], "texture": "#1"},
				"down": {"uv": [8, 0, 10, 8], "texture": "#1"}
			}
		},
		{
			"name": "Cube",
			"from": [2, 4, 4],
			"to": [4, 12, 12],
			"faces": {
				"north": {"uv": [8, 0, 10, 8], "texture": "#1"},
				"east": {"uv": [8, 0, 16, 8], "texture": "#1"},
				"south": {"uv": [8, 0, 10, 8], "texture": "#1"},
				"west": {"uv": [8, 0, 16, 8], "texture": "#1"},
				"up": {"uv": [14, 0, 16, 8], "texture": "#1"},
				"down": {"uv": [14, 0, 16, 8], "texture": "#1"}
			}
		},
		{
			"name": "Cube",
			"from": [0, 5, 5],
			"to": [2, 11, 11],
			"faces": {
				"north": {"uv": [8, 0, 10, 6], "texture": "#2"},
				"east": {"uv": [0, 0, 6, 6], "texture": "#2"},
				"south": {"uv": [6, 0, 8, 6], "texture": "#2"},
				"west": {"uv": [0, 0, 6, 6], "texture": "#2"},
				"up": {"uv": [6, 0, 8, 6], "texture": "#2"},
				"down": {"uv": [6, 0, 8, 6], "texture": "#2"}
			}
		},
		{
			"name": "Cube",
			"from": [14, 5, 5],
			"to": [16, 11, 11],
			"faces": {
				"north": {"uv": [6, 0, 8, 6], "texture": "#2"},
				"east": {"uv": [0, 0, 6, 6], "texture": "#2"},
				"south": {"uv": [8, 0, 10, 6], "texture": "#2"},
				"west": {"uv": [0, 0, 6, 6], "texture": "#2"},
				"up": {"uv": [8, 0, 10, 6], "texture": "#2"},
				"down": {"uv": [8, 0, 10, 6], "texture": "#2"}
			}
		},
		{
			"name": "Cube",
			"from": [5, 5, 14],
			"to": [11, 11, 16],
			"faces": {
				"north": {"uv": [0, 0, 6, 6], "texture": "#2"},
				"east": {"uv": [6, 0, 8, 6], "texture": "#2"},
				"south": {"uv": [0, 0, 6, 6], "texture": "#2"},
				"west": {"uv": [8, 0, 10, 6], "texture": "#2"},
				"up": {"uv": [0, 8, 6, 10], "texture": "#2"},
				"down": {"uv": [0, 6, 6, 8], "texture": "#2"}
			}
		},
		{
			"name": "Cube",
			"from": [5, 5, 0],
			"to": [11, 11, 2],
			"faces": {
				"north": {"uv": [0, 0, 6, 6], "texture": "#2"},
				"east": {"uv": [8, 0, 10, 6], "texture": "#2"},
				"south": {"uv": [0, 0, 6, 6], "texture": "#2"},
				"west": {"uv": [6, 0, 8, 6], "texture": "#2"},
				"up": {"uv": [0, 6, 6, 8], "texture": "#2"},
				"down": {"uv": [0, 8, 6, 10], "texture": "#2"}
			}
		}
	]
}