{
	"parent": "block/block",
	"textures": {
		"0": "embers_extended:block/furnace_bottom",
		"1": "embers:block/tank_wall",
		"2": "embers:block/plates",
		"3": "embers:block/furnace_plate",
		"particle": "embers:block/tank_wall"
	},
	"elements": [
		{
			"name": "Cube",
			"from": [2, 0, 2],
			"to": [14, 8, 14],
			"shade": true,
			"faces": {
				"north": {"uv": [2, 8, 14, 16], "texture": "#0"},
				"east": {"uv": [2, 8, 14, 16], "texture": "#0"},
				"south": {"uv": [2, 8, 14, 16], "texture": "#0"},
				"west": {"uv": [2, 8, 14, 16], "texture": "#0"},
				"up": {"uv": [0, 0, 12, 12], "texture": "#0"},
				"down": {"uv": [2, 2, 14, 14], "texture": "#3"}
			}
		},
		{
			"name": "Cube",
			"from": [1, -0.001000000000000334, 1],
			"to": [4, 7.999, 4],
			"shade": true,
			"faces": {
				"north": {"uv": [0, 0, 3, 8], "texture": "#0"},
				"east": {"uv": [0, 0, 3, 8], "texture": "#0"},
				"south": {"uv": [0, 0, 3, 8], "texture": "#0"},
				"west": {"uv": [0, 0, 3, 8], "texture": "#0"},
				"up": {"uv": [3, 0, 6, 3], "texture": "#0"},
				"down": {"uv": [3, 3, 6, 6], "texture": "#0"}
			}
		},
		{
			"name": "Cube",
			"from": [12, -0.001000000000000334, 1],
			"to": [15, 7.999, 4],
			"shade": true,
			"faces": {
				"north": {"uv": [0, 0, 3, 8], "texture": "#0"},
				"east": {"uv": [0, 0, 3, 8], "texture": "#0"},
				"south": {"uv": [0, 0, 3, 8], "texture": "#0"},
				"west": {"uv": [0, 0, 3, 8], "texture": "#0"},
				"up": {"uv": [3, 0, 6, 3], "texture": "#0"},
				"down": {"uv": [3, 3, 6, 6], "texture": "#0"}
			}
		},
		{
			"name": "Cube",
			"from": [12, -0.001000000000000334, 12],
			"to": [15, 7.999, 15],
			"shade": true,
			"faces": {
				"north": {"uv": [0, 0, 3, 8], "texture": "#0"},
				"east": {"uv": [0, 0, 3, 8], "texture": "#0"},
				"south": {"uv": [0, 0, 3, 8], "texture": "#0"},
				"west": {"uv": [0, 0, 3, 8], "texture": "#0"},
				"up": {"uv": [3, 0, 6, 3], "texture": "#0"},
				"down": {"uv": [3, 3, 6, 6], "texture": "#0"}
			}
		},
		{
			"name": "Cube",
			"from": [1, -0.001000000000000334, 12],
			"to": [4, 7.999, 15],
			"shade": true,
			"faces": {
				"north": {"uv": [0, 0, 3, 8], "texture": "#0"},
				"east": {"uv": [0, 0, 3, 8], "texture": "#0"},
				"south": {"uv": [0, 0, 3, 8], "texture": "#0"},
				"west": {"uv": [0, 0, 3, 8], "texture": "#0"},
				"up": {"uv": [3, 0, 6, 3], "texture": "#0"},
				"down": {"uv": [3, 3, 6, 6], "texture": "#0"}
			}
		},
		{
			"name": "Cube",
			"from": [0, 8, 12],
			"to": [4, 16, 16],
			"shade": true,
			"faces": {
				"north": {"uv": [0, 0, 4, 8], "texture": "#1"},
				"east": {"uv": [0, 0, 4, 8], "texture": "#1"},
				"south": {"uv": [0, 0, 4, 8], "texture": "#1"},
				"west": {"uv": [0, 0, 4, 8], "texture": "#1"},
				"up": {"uv": [0, 0, 4, 4], "texture": "#1"},
				"down": {"uv": [0, 0, 4, 4], "texture": "#1"}
			}
		},
		{
			"name": "Cube",
			"from": [0, 8, 0],
			"to": [4, 16, 4],
			"shade": true,
			"faces": {
				"north": {"uv": [0, 0, 4, 8], "texture": "#1"},
				"east": {"uv": [0, 0, 4, 8], "texture": "#1"},
				"south": {"uv": [0, 0, 4, 8], "texture": "#1"},
				"west": {"uv": [0, 0, 4, 8], "texture": "#1"},
				"up": {"uv": [0, 0, 4, 4], "texture": "#1"},
				"down": {"uv": [0, 0, 4, 4], "texture": "#1"}
			}
		},
		{
			"name": "Cube",
			"from": [12, 8, 0],
			"to": [16, 16, 4],
			"shade": true,
			"faces": {
				"north": {"uv": [0, 0, 4, 8], "texture": "#1"},
				"east": {"uv": [0, 0, 4, 8], "texture": "#1"},
				"south": {"uv": [0, 0, 4, 8], "texture": "#1"},
				"west": {"uv": [0, 0, 4, 8], "texture": "#1"},
				"up": {"uv": [0, 0, 4, 4], "texture": "#1"},
				"down": {"uv": [0, 0, 4, 4], "texture": "#1"}
			}
		},
		{
			"name": "Cube",
			"from": [12, 8, 12],
			"to": [16, 16, 16],
			"shade": true,
			"faces": {
				"north": {"uv": [0, 0, 4, 8], "texture": "#1"},
				"east": {"uv": [0, 0, 4, 8], "texture": "#1"},
				"south": {"uv": [0, 0, 4, 8], "texture": "#1"},
				"west": {"uv": [0, 0, 4, 8], "texture": "#1"},
				"up": {"uv": [0, 0, 4, 4], "texture": "#1"},
				"down": {"uv": [0, 0, 4, 4], "texture": "#1"}
			}
		},
		{
			"name": "Cube",
			"from": [4, 8, 12],
			"to": [12, 16, 14],
			"shade": true,
			"faces": {
				"north": {"uv": [8, 0, 16, 8], "texture": "#2"},
				"east": {"uv": [8, 0, 10, 8], "texture": "#2"},
				"south": {"uv": [8, 0, 16, 8], "texture": "#2"},
				"west": {"uv": [8, 0, 10, 8], "texture": "#2"},
				"up": {"uv": [8, 4, 16, 6], "texture": "#2"},
				"down": {"uv": [8, 0, 16, 2], "texture": "#2"}
			}
		},
		{
			"name": "Cube",
			"from": [4, 8, 2],
			"to": [12, 16, 4],
			"shade": true,
			"faces": {
				"north": {"uv": [8, 0, 16, 8], "texture": "#2"},
				"east": {"uv": [8, 0, 10, 8], "texture": "#2"},
				"south": {"uv": [8, 0, 16, 8], "texture": "#2"},
				"west": {"uv": [8, 0, 10, 8], "texture": "#2"},
				"up": {"uv": [8, 4, 16, 6], "texture": "#2"},
				"down": {"uv": [8, 0, 16, 2], "texture": "#2"}
			}
		},
		{
			"name": "Cube",
			"from": [2, 8, 4],
			"to": [4, 16, 12],
			"shade": true,
			"faces": {
				"north": {"uv": [8, 0, 10, 8], "texture": "#2"},
				"east": {"uv": [8, 0, 16, 8], "texture": "#2"},
				"south": {"uv": [8, 0, 10, 8], "texture": "#2"},
				"west": {"uv": [8, 0, 16, 8], "texture": "#2"},
				"up": {"uv": [8, 0, 10, 8], "texture": "#2"},
				"down": {"uv": [8, 0, 10, 8], "texture": "#2"}
			}
		},
		{
			"name": "Cube",
			"from": [12, 8, 4],
			"to": [14, 16, 12],
			"shade": true,
			"faces": {
				"north": {"uv": [8, 0, 10, 8], "texture": "#2"},
				"east": {"uv": [8, 0, 16, 8], "texture": "#2"},
				"south": {"uv": [8, 0, 10, 8], "texture": "#2"},
				"west": {"uv": [8, 0, 16, 8], "texture": "#2"},
				"up": {"uv": [8, 0, 10, 8], "texture": "#2"},
				"down": {"uv": [8, 0, 10, 8], "texture": "#2"}
			}
		},
		{
			"name": "Cube",
			"from": [4, 14, 4],
			"to": [12, 16, 12],
			"shade": true,
			"faces": {
				"north": {"uv": [0, 0, 8, 2], "texture": "#2"},
				"east": {"uv": [0, 0, 8, 2], "texture": "#2"},
				"south": {"uv": [0, 0, 8, 2], "texture": "#2"},
				"west": {"uv": [0, 0, 8, 2], "texture": "#2"},
				"up": {"uv": [0, 0, 8, 8], "texture": "#2"},
				"down": {"uv": [0, 0, 8, 8], "texture": "#2"}
			}
		}
	]
}