{
	"format_version": "1.21.6",
	"credit": "Made with Blockbench",
	"parent": "block/block",
	"textures": {
		"0": "embers:block/alchemy_pedestal",
		"1": "embers:block/plates",
		"2": "embers:block/geologic_seperator_parts",
		"4": "embers:block/block_caminite_brick",
		"5": "embers:block/stamp_motor",
		"particle": "embers:block/plates"
	},
	"elements": [
		{
			"name": "Cube",
			"from": [7, 4, 4],
			"to": [9, 16, 6],
			"faces": {
				"north": {"uv": [8, 0, 10, 12], "texture": "#0"},
				"east": {"uv": [8, 0, 10, 12], "texture": "#0"},
				"south": {"uv": [8, 0, 10, 12], "texture": "#0"},
				"west": {"uv": [8, 0, 10, 12], "texture": "#0"},
				"up": {"uv": [0, 0, 2, 2], "texture": "#0"},
				"down": {"uv": [0, 0, 2, 2], "texture": "#0"}
			}
		},
		{
			"name": "Cube",
			"from": [7, 4, 10],
			"to": [9, 16, 12],
			"faces": {
				"north": {"uv": [8, 0, 10, 12], "texture": "#0"},
				"east": {"uv": [8, 0, 10, 12], "texture": "#0"},
				"south": {"uv": [8, 0, 10, 12], "texture": "#0"},
				"west": {"uv": [8, 0, 10, 12], "texture": "#0"},
				"up": {"uv": [0, 0, 2, 2], "texture": "#0"},
				"down": {"uv": [0, 0, 2, 2], "texture": "#0"}
			}
		},
		{
			"name": "Cube",
			"from": [10, 4, 7],
			"to": [12, 16, 9],
			"faces": {
				"north": {"uv": [8, 0, 10, 12], "texture": "#0"},
				"east": {"uv": [8, 0, 10, 12], "texture": "#0"},
				"south": {"uv": [8, 0, 10, 12], "texture": "#0"},
				"west": {"uv": [8, 0, 10, 12], "texture": "#0"},
				"up": {"uv": [0, 0, 2, 2], "texture": "#0"},
				"down": {"uv": [0, 0, 2, 2], "texture": "#0"}
			}
		},
		{
			"name": "Cube",
			"from": [4, 4, 7],
			"to": [6, 16, 9],
			"faces": {
				"north": {"uv": [8, 0, 10, 12], "texture": "#0"},
				"east": {"uv": [8, 0, 10, 12], "texture": "#0"},
				"south": {"uv": [8, 0, 10, 12], "texture": "#0"},
				"west": {"uv": [8, 0, 10, 12], "texture": "#0"},
				"up": {"uv": [0, 0, 2, 2], "texture": "#0"},
				"down": {"uv": [0, 0, 2, 2], "texture": "#0"}
			}
		},
		{
			"name": "Cube",
			"from": [3, 4, 3],
			"to": [7, 16, 7],
			"faces": {
				"north": {"uv": [0, 0, 4, 12], "texture": "#4"},
				"east": {"uv": [0, 0, 4, 12], "texture": "#4"},
				"south": {"uv": [0, 0, 4, 12], "texture": "#4"},
				"west": {"uv": [0, 0, 4, 12], "texture": "#4"},
				"up": {"uv": [0, 0, 4, 4], "texture": "#4"},
				"down": {"uv": [0, 0, 4, 4], "texture": "#4"}
			}
		},
		{
			"name": "Cube",
			"from": [9, 4, 3],
			"to": [13, 16, 7],
			"faces": {
				"north": {"uv": [0, 0, 4, 12], "texture": "#4"},
				"east": {"uv": [0, 0, 4, 12], "texture": "#4"},
				"south": {"uv": [0, 0, 4, 12], "texture": "#4"},
				"west": {"uv": [0, 0, 4, 12], "texture": "#4"},
				"up": {"uv": [0, 0, 4, 4], "texture": "#4"},
				"down": {"uv": [0, 0, 4, 4], "texture": "#4"}
			}
		},
		{
			"name": "Cube",
			"from": [9, 4, 9],
			"to": [13, 16, 13],
			"faces": {
				"north": {"uv": [0, 0, 4, 12], "texture": "#4"},
				"east": {"uv": [0, 0, 4, 12], "texture": "#4"},
				"south": {"uv": [0, 0, 4, 12], "texture": "#4"},
				"west": {"uv": [0, 0, 4, 12], "texture": "#4"},
				"up": {"uv": [0, 0, 4, 4], "texture": "#4"},
				"down": {"uv": [0, 0, 4, 4], "texture": "#4"}
			}
		},
		{
			"name": "Cube",
			"from": [3, 4, 9],
			"to": [7, 16, 13],
			"faces": {
				"north": {"uv": [0, 0, 4, 12], "texture": "#4"},
				"east": {"uv": [0, 0, 4, 12], "texture": "#4"},
				"south": {"uv": [0, 0, 4, 12], "texture": "#4"},
				"west": {"uv": [0, 0, 4, 12], "texture": "#4"},
				"up": {"uv": [0, 0, 4, 4], "texture": "#4"},
				"down": {"uv": [0, 0, 4, 4], "texture": "#4"}
			}
		},
		{
			"name": "Cube",
			"from": [6, 0, 12],
			"to": [10, 4, 13],
			"faces": {
				"north": {"uv": [0, 0, 4, 4], "texture": "#4"},
				"east": {"uv": [0, 0, 1, 4], "texture": "#4"},
				"south": {"uv": [0, 0, 4, 4], "texture": "#4"},
				"west": {"uv": [0, 0, 1, 4], "texture": "#4"},
				"up": {"uv": [0, 0, 4, 1], "texture": "#4"},
				"down": {"uv": [0, 0, 4, 1], "texture": "#4"}
			}
		},
		{
			"name": "Cube",
			"from": [6, 0, 3],
			"to": [10, 4, 4],
			"faces": {
				"north": {"uv": [0, 0, 4, 4], "texture": "#4"},
				"east": {"uv": [0, 0, 1, 4], "texture": "#4"},
				"south": {"uv": [0, 0, 4, 4], "texture": "#4"},
				"west": {"uv": [0, 0, 1, 4], "texture": "#4"},
				"up": {"uv": [0, 0, 4, 1], "texture": "#4"},
				"down": {"uv": [0, 0, 4, 1], "texture": "#4"}
			}
		},
		{
			"name": "Cube",
			"from": [3, 0, 6],
			"to": [4, 4, 10],
			"faces": {
				"north": {"uv": [0, 0, 1, 4], "texture": "#4"},
				"east": {"uv": [0, 0, 4, 4], "texture": "#4"},
				"south": {"uv": [0, 0, 1, 4], "texture": "#4"},
				"west": {"uv": [0, 0, 4, 4], "texture": "#4"},
				"up": {"uv": [0, 0, 1, 4], "texture": "#4"},
				"down": {"uv": [0, 0, 1, 4], "texture": "#4"}
			}
		},
		{
			"name": "Cube",
			"from": [12, 0, 6],
			"to": [13, 4, 10],
			"faces": {
				"north": {"uv": [0, 0, 1, 4], "texture": "#4"},
				"east": {"uv": [0, 0, 4, 4], "texture": "#4"},
				"south": {"uv": [0, 0, 1, 4], "texture": "#4"},
				"west": {"uv": [0, 0, 4, 4], "texture": "#4"},
				"up": {"uv": [0, 0, 1, 4], "texture": "#4"},
				"down": {"uv": [0, 0, 1, 4], "texture": "#4"}
			}
		},
		{
			"name": "Cube",
			"from": [12, 0, 10],
			"to": [15, 4, 12],
			"faces": {
				"north": {"uv": [6, 0, 9, 4], "texture": "#4"},
				"east": {"uv": [6, 0, 8, 4], "texture": "#4"},
				"south": {"uv": [6, 0, 9, 4], "texture": "#4"},
				"west": {"uv": [7, 0, 9, 4], "texture": "#4"},
				"up": {"uv": [6, 0, 9, 2], "texture": "#4"},
				"down": {"uv": [6, 0, 9, 2], "texture": "#4"}
			}
		},
		{
			"name": "Cube",
			"from": [1, 0, 10],
			"to": [4, 4, 12],
			"faces": {
				"north": {"uv": [8, 0, 11, 4], "texture": "#1"},
				"east": {"uv": [10, 0, 12, 4], "texture": "#1"},
				"south": {"uv": [9, 0, 12, 4], "texture": "#1"},
				"west": {"uv": [10, 0, 12, 4], "texture": "#1"},
				"up": {"uv": [8, 0, 11, 2], "texture": "#1"},
				"down": {"uv": [8, 0, 11, 2], "texture": "#1"}
			}
		},
		{
			"name": "Cube",
			"from": [1, 0, 12],
			"to": [6, 4, 15],
			"faces": {
				"north": {"uv": [11, 0, 16, 4], "texture": "#1"},
				"east": {"uv": [13, 0, 16, 4], "texture": "#1"},
				"south": {"uv": [11, 0, 16, 4], "texture": "#1"},
				"west": {"uv": [13, 0, 16, 4], "texture": "#1"},
				"up": {"uv": [11, 0, 16, 3], "texture": "#1"},
				"down": {"uv": [11, 0, 16, 3], "texture": "#1"}
			}
		},
		{
			"name": "Cube",
			"from": [10, 0, 12],
			"to": [15, 4, 15],
			"faces": {
				"north": {"uv": [11, 12, 16, 16], "texture": "#4"},
				"east": {"uv": [13, 12, 16, 16], "texture": "#4"},
				"south": {"uv": [11, 12, 16, 16], "texture": "#4"},
				"west": {"uv": [13, 12, 16, 16], "texture": "#4"},
				"up": {"uv": [11, 12, 16, 15], "texture": "#4"},
				"down": {"uv": [11, 12, 16, 15], "texture": "#4"}
			}
		},
		{
			"name": "Cube",
			"from": [10, 0, 1],
			"to": [15, 4, 4],
			"faces": {
				"north": {"uv": [0, 12, 5, 16], "texture": "#4"},
				"east": {"uv": [0, 12, 3, 16], "texture": "#4"},
				"south": {"uv": [0, 12, 5, 16], "texture": "#4"},
				"west": {"uv": [0, 12, 3, 16], "texture": "#4"},
				"up": {"uv": [0, 12, 5, 15], "texture": "#4"},
				"down": {"uv": [0, 12, 5, 15], "texture": "#4"}
			}
		},
		{
			"name": "Cube",
			"from": [12, 0, 4],
			"to": [15, 4, 6],
			"faces": {
				"north": {"uv": [3, 12, 6, 16], "texture": "#5"},
				"east": {"uv": [3, 12, 5, 16], "texture": "#5"},
				"south": {"uv": [3, 12, 6, 16], "texture": "#5"},
				"west": {"uv": [3, 12, 5, 16], "texture": "#5"},
				"up": {"uv": [3, 12, 6, 14], "texture": "#5"},
				"down": {"uv": [3, 12, 6, 14], "texture": "#5"}
			}
		},
		{
			"name": "Cube",
			"from": [1, 0, 4],
			"to": [4, 4, 6],
			"faces": {
				"north": {"uv": [3, 0, 6, 4], "texture": "#4"},
				"east": {"uv": [3, 0, 5, 4], "texture": "#4"},
				"south": {"uv": [3, 0, 6, 4], "texture": "#4"},
				"west": {"uv": [3, 0, 5, 4], "texture": "#4"},
				"up": {"uv": [3, 0, 6, 2], "texture": "#4"},
				"down": {"uv": [3, 0, 6, 2], "texture": "#4"}
			}
		},
		{
			"name": "Cube",
			"from": [1, 0, 1],
			"to": [6, 4, 4],
			"faces": {
				"north": {"uv": [0, 0, 5, 4], "texture": "#4"},
				"east": {"uv": [0, 0, 3, 4], "texture": "#4"},
				"south": {"uv": [0, 0, 5, 4], "texture": "#4"},
				"west": {"uv": [0, 0, 3, 4], "texture": "#4"},
				"up": {"uv": [0, 0, 5, 3], "texture": "#4"},
				"down": {"uv": [0, 0, 5, 3], "texture": "#4"}
			}
		},
		{
			"name": "Cube",
			"from": [4, 0, 4],
			"to": [12, 2, 12],
			"faces": {
				"north": {"uv": [0, 6, 8, 8], "texture": "#0"},
				"east": {"uv": [0, 6, 8, 8], "texture": "#0"},
				"south": {"uv": [0, 6, 8, 8], "texture": "#0"},
				"west": {"uv": [0, 6, 8, 8], "texture": "#0"},
				"up": {"uv": [0, 0, 8, 8], "texture": "#0"},
				"down": {"uv": [0, 0, 8, 8], "texture": "#0"}
			}
		},
		{
			"name": "Cube",
			"from": [14, 5, 5],
			"to": [16, 11, 11],
			"rotation": {"angle": 0, "axis": "y", "origin": [14, 0, 0]},
			"faces": {
				"north": {"uv": [8, 0, 10, 6], "texture": "#5"},
				"east": {"uv": [0, 0, 6, 6], "texture": "#5"},
				"south": {"uv": [6, 0, 8, 6], "texture": "#5"},
				"west": {"uv": [0, 0, 6, 6], "texture": "#5"},
				"up": {"uv": [6, 0, 8, 6], "texture": "#5"},
				"down": {"uv": [6, 0, 8, 6], "texture": "#5"}
			}
		},
		{
			"name": "Cube",
			"from": [12, 6, 6],
			"to": [14, 10, 10],
			"rotation": {"angle": 0, "axis": "y", "origin": [7, 2, 3]},
			"faces": {
				"north": {"uv": [0, 0, 2, 4], "texture": "#4"},
				"east": {"uv": [0, 0, 4, 4], "texture": "#4"},
				"south": {"uv": [0, 0, 2, 4], "texture": "#4"},
				"west": {"uv": [0, 0, 4, 4], "texture": "#4"},
				"up": {"uv": [0, 0, 2, 4], "texture": "#4"},
				"down": {"uv": [0, 0, 2, 4], "texture": "#4"}
			}
		},
		{
			"name": "Cube",
			"from": [6, 6, 12],
			"to": [10, 10, 14],
			"rotation": {"angle": 0, "axis": "y", "origin": [13, 2, 7]},
			"faces": {
				"north": {"uv": [0, 0, 4, 4], "texture": "#4"},
				"east": {"uv": [0, 0, 2, 4], "texture": "#4"},
				"south": {"uv": [0, 0, 4, 4], "texture": "#4"},
				"west": {"uv": [0, 0, 2, 4], "texture": "#4"},
				"up": {"uv": [0, 0, 2, 4], "rotation": 90, "texture": "#4"},
				"down": {"uv": [0, 0, 2, 4], "rotation": 270, "texture": "#4"}
			}
		},
		{
			"name": "Cube",
			"from": [5, 5, 0],
			"to": [11, 11, 2],
			"rotation": {"angle": 0, "axis": "y", "origin": [0, 0, 2]},
			"faces": {
				"north": {"uv": [0, 0, 6, 6], "texture": "#5"},
				"east": {"uv": [6, 0, 8, 6], "texture": "#5"},
				"south": {"uv": [0, 0, 6, 6], "texture": "#5"},
				"west": {"uv": [8, 0, 10, 6], "texture": "#5"},
				"up": {"uv": [6, 0, 8, 6], "rotation": 270, "texture": "#5"},
				"down": {"uv": [6, 0, 8, 6], "rotation": 90, "texture": "#5"}
			}
		},
		{
			"name": "Cube",
			"from": [6, 6, 2],
			"to": [10, 10, 4],
			"rotation": {"angle": 0, "axis": "y", "origin": [13, 2, -3]},
			"faces": {
				"north": {"uv": [0, 0, 4, 4], "texture": "#4"},
				"east": {"uv": [0, 0, 2, 4], "texture": "#4"},
				"south": {"uv": [0, 0, 4, 4], "texture": "#4"},
				"west": {"uv": [0, 0, 2, 4], "texture": "#4"},
				"up": {"uv": [0, 0, 2, 4], "rotation": 90, "texture": "#4"},
				"down": {"uv": [0, 0, 2, 4], "rotation": 270, "texture": "#4"}
			}
		},
		{
			"name": "Cube",
			"from": [2, 6, 6],
			"to": [4, 10, 10],
			"rotation": {"angle": 0, "axis": "y", "origin": [-3, 2, 3]},
			"faces": {
				"north": {"uv": [0, 0, 2, 4], "texture": "#4"},
				"east": {"uv": [0, 0, 4, 4], "texture": "#4"},
				"south": {"uv": [0, 0, 2, 4], "texture": "#4"},
				"west": {"uv": [0, 0, 4, 4], "texture": "#4"},
				"up": {"uv": [0, 0, 2, 4], "texture": "#4"},
				"down": {"uv": [0, 0, 2, 4], "texture": "#4"}
			}
		},
		{
			"name": "Cube",
			"from": [0, 5, 5],
			"to": [2, 11, 11],
			"faces": {
				"north": {"uv": [8, 0, 10, 6], "texture": "#5"},
				"east": {"uv": [0, 0, 6, 6], "texture": "#5"},
				"south": {"uv": [6, 0, 8, 6], "texture": "#5"},
				"west": {"uv": [0, 0, 6, 6], "texture": "#5"},
				"up": {"uv": [6, 0, 8, 6], "texture": "#5"},
				"down": {"uv": [6, 0, 8, 6], "texture": "#5"}
			}
		},
		{
			"name": "Cube",
			"from": [5, 5, 14],
			"to": [11, 11, 16],
			"rotation": {"angle": 0, "axis": "y", "origin": [0, 0, 16]},
			"faces": {
				"north": {"uv": [0, 0, 6, 6], "texture": "#5"},
				"east": {"uv": [6, 0, 8, 6], "texture": "#5"},
				"south": {"uv": [0, 0, 6, 6], "texture": "#5"},
				"west": {"uv": [8, 0, 10, 6], "texture": "#5"},
				"up": {"uv": [6, 0, 8, 6], "rotation": 270, "texture": "#5"},
				"down": {"uv": [6, 0, 8, 6], "rotation": 90, "texture": "#5"}
			}
		},
		{
			"name": "Cube",
			"from": [0, 16, 12],
			"to": [4, 20, 16],
			"rotation": {"angle": 0, "axis": "y", "origin": [0, 16, 0]},
			"faces": {
				"north": {"uv": [7, 8, 11, 12], "texture": "#4"},
				"east": {"uv": [7, 8, 11, 12], "texture": "#4"},
				"south": {"uv": [7, 8, 11, 12], "texture": "#4"},
				"west": {"uv": [7, 8, 11, 12], "texture": "#4"},
				"up": {"uv": [7, 8, 11, 12], "texture": "#4"},
				"down": {"uv": [7, 8, 11, 12], "texture": "#4"}
			}
		},
		{
			"name": "Cube",
			"from": [0, 16, 0],
			"to": [4, 20, 4],
			"rotation": {"angle": 0, "axis": "y", "origin": [0, 16, 0]},
			"faces": {
				"north": {"uv": [7, 8, 11, 12], "texture": "#4"},
				"east": {"uv": [7, 8, 11, 12], "texture": "#4"},
				"south": {"uv": [7, 8, 11, 12], "texture": "#4"},
				"west": {"uv": [7, 8, 11, 12], "texture": "#4"},
				"up": {"uv": [7, 8, 11, 12], "texture": "#4"},
				"down": {"uv": [7, 8, 11, 12], "texture": "#4"}
			}
		},
		{
			"name": "Cube",
			"from": [12, 16, 0],
			"to": [16, 20, 4],
			"rotation": {"angle": 0, "axis": "y", "origin": [0, 16, 0]},
			"faces": {
				"north": {"uv": [7, 8, 11, 12], "texture": "#4"},
				"east": {"uv": [7, 8, 11, 12], "texture": "#4"},
				"south": {"uv": [7, 8, 11, 12], "texture": "#4"},
				"west": {"uv": [7, 8, 11, 12], "texture": "#4"},
				"up": {"uv": [7, 8, 11, 12], "texture": "#4"},
				"down": {"uv": [7, 8, 11, 12], "texture": "#4"}
			}
		},
		{
			"name": "Cube",
			"from": [12, 16, 12],
			"to": [16, 20, 16],
			"rotation": {"angle": 0, "axis": "y", "origin": [0, 16, 0]},
			"faces": {
				"north": {"uv": [7, 8, 11, 12], "texture": "#4"},
				"east": {"uv": [7, 8, 11, 12], "texture": "#4"},
				"south": {"uv": [7, 8, 11, 12], "texture": "#4"},
				"west": {"uv": [7, 8, 11, 12], "texture": "#4"},
				"up": {"uv": [7, 8, 11, 12], "texture": "#4"},
				"down": {"uv": [7, 8, 11, 12], "texture": "#4"}
			}
		},
		{
			"name": "Cube",
			"from": [4, 18, 4],
			"to": [12, 20, 12],
			"rotation": {"angle": 0, "axis": "y", "origin": [0, 16, 0]},
			"faces": {
				"north": {"uv": [0, 14, 8, 16], "texture": "#2"},
				"east": {"uv": [0, 14, 8, 16], "texture": "#2"},
				"south": {"uv": [0, 14, 8, 16], "texture": "#2"},
				"west": {"uv": [0, 14, 8, 16], "texture": "#2"},
				"up": {"uv": [0, 8, 8, 16], "texture": "#1"},
				"down": {"uv": [0, 8, 8, 16], "texture": "#2"}
			}
		},
		{
			"name": "Cube",
			"from": [4, 20, 2],
			"to": [12, 22, 4],
			"rotation": {"angle": 0, "axis": "y", "origin": [0, 16, 0]},
			"faces": {
				"north": {"uv": [0, 14, 8, 16], "texture": "#1"},
				"east": {"uv": [0, 14, 2, 16], "texture": "#1"},
				"south": {"uv": [0, 14, 8, 16], "texture": "#1"},
				"west": {"uv": [0, 14, 2, 16], "texture": "#1"},
				"up": {"uv": [0, 8, 8, 10], "texture": "#1"},
				"down": {"uv": [0, 8, 8, 10], "texture": "#1"}
			}
		},
		{
			"name": "Cube",
			"from": [4, 20, 12],
			"to": [12, 22, 14],
			"rotation": {"angle": 0, "axis": "y", "origin": [0, 16, 0]},
			"faces": {
				"north": {"uv": [0, 14, 8, 16], "texture": "#1"},
				"east": {"uv": [0, 14, 2, 16], "texture": "#1"},
				"south": {"uv": [0, 14, 8, 16], "texture": "#1"},
				"west": {"uv": [0, 14, 2, 16], "texture": "#1"},
				"up": {"uv": [0, 8, 8, 10], "texture": "#1"},
				"down": {"uv": [0, 8, 8, 10], "texture": "#1"}
			}
		},
		{
			"name": "Cube",
			"from": [12, 20, 4],
			"to": [14, 22, 12],
			"rotation": {"angle": 0, "axis": "y", "origin": [0, 16, 0]},
			"faces": {
				"north": {"uv": [0, 14, 2, 16], "texture": "#1"},
				"east": {"uv": [0, 14, 8, 16], "texture": "#1"},
				"south": {"uv": [0, 14, 2, 16], "texture": "#1"},
				"west": {"uv": [0, 14, 8, 16], "texture": "#1"},
				"up": {"uv": [0, 8, 2, 16], "texture": "#1"},
				"down": {"uv": [0, 8, 2, 16], "texture": "#1"}
			}
		},
		{
			"name": "Cube",
			"from": [2, 20, 4],
			"to": [4, 22, 12],
			"rotation": {"angle": 0, "axis": "y", "origin": [0, 16, 0]},
			"faces": {
				"north": {"uv": [0, 14, 2, 16], "texture": "#1"},
				"east": {"uv": [0, 14, 8, 16], "texture": "#1"},
				"south": {"uv": [0, 14, 2, 16], "texture": "#1"},
				"west": {"uv": [0, 14, 8, 16], "texture": "#1"},
				"up": {"uv": [0, 8, 2, 16], "texture": "#1"},
				"down": {"uv": [0, 8, 2, 16], "texture": "#1"}
			}
		},
		{
			"name": "Cube",
			"from": [2, 20, 2],
			"to": [4, 22, 4],
			"rotation": {"angle": 0, "axis": "y", "origin": [0, 16, 0]},
			"faces": {
				"north": {"uv": [0, 14, 2, 16], "texture": "#1"},
				"east": {"uv": [0, 14, 2, 16], "texture": "#missing"},
				"south": {"uv": [0, 14, 2, 16], "texture": "#missing"},
				"west": {"uv": [0, 14, 2, 16], "texture": "#1"},
				"up": {"uv": [0, 8, 2, 10], "texture": "#missing"},
				"down": {"uv": [0, 8, 2, 10], "texture": "#missing"}
			}
		},
		{
			"name": "Cube",
			"from": [12, 20, 2],
			"to": [14, 22, 4],
			"rotation": {"angle": 0, "axis": "y", "origin": [0, 16, 0]},
			"faces": {
				"north": {"uv": [0, 14, 2, 16], "texture": "#1"},
				"east": {"uv": [0, 14, 2, 16], "texture": "#1"},
				"south": {"uv": [0, 14, 2, 16], "texture": "#missing"},
				"west": {"uv": [0, 14, 2, 16], "texture": "#missing"},
				"up": {"uv": [0, 8, 2, 10], "texture": "#missing"},
				"down": {"uv": [0, 8, 2, 10], "texture": "#missing"}
			}
		},
		{
			"name": "Cube",
			"from": [12, 20, 12],
			"to": [14, 22, 14],
			"rotation": {"angle": 0, "axis": "y", "origin": [0, 16, 0]},
			"faces": {
				"north": {"uv": [0, 14, 2, 16], "texture": "#missing"},
				"east": {"uv": [0, 14, 2, 16], "texture": "#1"},
				"south": {"uv": [0, 14, 2, 16], "texture": "#1"},
				"west": {"uv": [0, 14, 2, 16], "texture": "#missing"},
				"up": {"uv": [0, 8, 2, 10], "texture": "#missing"},
				"down": {"uv": [0, 8, 2, 10], "texture": "#missing"}
			}
		},
		{
			"name": "Cube",
			"from": [2, 20, 12],
			"to": [4, 22, 14],
			"rotation": {"angle": 0, "axis": "y", "origin": [0, 16, 0]},
			"faces": {
				"north": {"uv": [0, 14, 2, 16], "texture": "#missing"},
				"east": {"uv": [0, 14, 2, 16], "texture": "#missing"},
				"south": {"uv": [0, 14, 2, 16], "texture": "#1"},
				"west": {"uv": [0, 14, 2, 16], "texture": "#1"},
				"up": {"uv": [0, 8, 2, 10], "texture": "#missing"},
				"down": {"uv": [0, 8, 2, 10], "texture": "#missing"}
			}
		},
		{
			"name": "Cube",
			"from": [4, 16, 4],
			"to": [12, 18, 12],
			"rotation": {"angle": 0, "axis": "y", "origin": [0, 16, 0]},
			"color": 8,
			"faces": {
				"north": {"uv": [0, 14, 8, 16], "texture": "#missing"},
				"east": {"uv": [0, 14, 8, 16], "texture": "#missing"},
				"south": {"uv": [0, 14, 8, 16], "texture": "#missing"},
				"west": {"uv": [0, 14, 8, 16], "texture": "#missing"},
				"up": {"uv": [0, 8, 8, 16], "texture": "#missing"},
				"down": {"uv": [0, 8, 8, 16], "texture": "#missing"}
			}
		},
		{
			"name": "Cube",
			"from": [4, 16, 1],
			"to": [12, 20, 4],
			"rotation": {"angle": 0, "axis": "y", "origin": [0, 16, 0]},
			"faces": {
				"north": {"uv": [0, 12, 8, 16], "texture": "#4"},
				"east": {"uv": [0, 12, 3, 16], "texture": "#4"},
				"south": {"uv": [0, 12, 8, 16], "texture": "#4"},
				"west": {"uv": [0, 12, 3, 16], "texture": "#4"},
				"up": {"uv": [0, 8, 8, 11], "texture": "#4"},
				"down": {"uv": [0, 8, 8, 11], "texture": "#4"}
			}
		},
		{
			"name": "Cube",
			"from": [4, 16, 12],
			"to": [12, 20, 15],
			"rotation": {"angle": 0, "axis": "y", "origin": [0, 16, 0]},
			"faces": {
				"north": {"uv": [0, 12, 8, 16], "texture": "#4"},
				"east": {"uv": [0, 12, 3, 16], "texture": "#4"},
				"south": {"uv": [0, 12, 8, 16], "texture": "#4"},
				"west": {"uv": [0, 12, 3, 16], "texture": "#4"},
				"up": {"uv": [0, 8, 8, 11], "texture": "#4"},
				"down": {"uv": [0, 8, 8, 11], "texture": "#4"}
			}
		},
		{
			"name": "Cube",
			"from": [12, 16, 4],
			"to": [15, 20, 12],
			"rotation": {"angle": 0, "axis": "y", "origin": [0, 16, 0]},
			"faces": {
				"north": {"uv": [0, 12, 3, 16], "texture": "#4"},
				"east": {"uv": [0, 12, 8, 16], "texture": "#4"},
				"south": {"uv": [0, 12, 3, 16], "texture": "#4"},
				"west": {"uv": [0, 12, 8, 16], "texture": "#4"},
				"up": {"uv": [0, 8, 3, 16], "texture": "#4"},
				"down": {"uv": [0, 8, 3, 16], "texture": "#4"}
			}
		},
		{
			"name": "Cube",
			"from": [1, 16, 4],
			"to": [4, 20, 12],
			"rotation": {"angle": 0, "axis": "y", "origin": [0, 16, 0]},
			"faces": {
				"north": {"uv": [0, 12, 3, 16], "texture": "#4"},
				"east": {"uv": [0, 12, 8, 16], "texture": "#4"},
				"south": {"uv": [0, 12, 3, 16], "texture": "#4"},
				"west": {"uv": [0, 12, 8, 16], "texture": "#4"},
				"up": {"uv": [0, 8, 3, 16], "texture": "#4"},
				"down": {"uv": [0, 8, 3, 16], "texture": "#4"}
			}
		},
		{
			"name": "Cube",
			"from": [0, 22, 4],
			"to": [4, 24, 12],
			"rotation": {"angle": 0, "axis": "y", "origin": [0, 16, 0]},
			"faces": {
				"north": {"uv": [0, 10, 4, 12], "texture": "#2"},
				"east": {"uv": [4, 2, 12, 4], "texture": "#2"},
				"south": {"uv": [0, 10, 4, 12], "texture": "#2"},
				"west": {"uv": [4, 2, 12, 4], "texture": "#2"},
				"up": {"uv": [0, 4, 4, 12], "texture": "#2"},
				"down": {"uv": [0, 4, 4, 12], "texture": "#2"}
			}
		},
		{
			"name": "Cube",
			"from": [12, 22, 4],
			"to": [16, 24, 12],
			"rotation": {"angle": 0, "axis": "y", "origin": [0, 16, 0]},
			"faces": {
				"north": {"uv": [0, 10, 4, 12], "texture": "#2"},
				"east": {"uv": [4, 2, 12, 4], "texture": "#2"},
				"south": {"uv": [0, 10, 4, 12], "texture": "#2"},
				"west": {"uv": [4, 2, 12, 4], "texture": "#2"},
				"up": {"uv": [0, 4, 4, 12], "texture": "#2"},
				"down": {"uv": [0, 4, 4, 12], "texture": "#2"}
			}
		},
		{
			"name": "Cube",
			"from": [4, 22, 12],
			"to": [12, 24, 16],
			"rotation": {"angle": 0, "axis": "y", "origin": [0, 16, 0]},
			"faces": {
				"north": {"uv": [4, 2, 12, 4], "texture": "#2"},
				"east": {"uv": [0, 10, 4, 12], "texture": "#2"},
				"south": {"uv": [4, 2, 12, 4], "texture": "#2"},
				"west": {"uv": [0, 10, 4, 12], "texture": "#2"},
				"up": {"uv": [4, 0, 12, 4], "texture": "#2"},
				"down": {"uv": [4, 0, 12, 4], "texture": "#2"}
			}
		},
		{
			"name": "Cube",
			"from": [4, 22, 0],
			"to": [12, 24, 4],
			"rotation": {"angle": 0, "axis": "y", "origin": [0, 16, 0]},
			"faces": {
				"north": {"uv": [4, 2, 12, 4], "texture": "#2"},
				"east": {"uv": [0, 10, 4, 12], "texture": "#2"},
				"south": {"uv": [4, 2, 12, 4], "texture": "#2"},
				"west": {"uv": [0, 10, 4, 12], "texture": "#2"},
				"up": {"uv": [4, 0, 12, 4], "texture": "#2"},
				"down": {"uv": [4, 0, 12, 4], "texture": "#2"}
			}
		},
		{
			"name": "Cube",
			"from": [0, 22, 0],
			"to": [4, 24, 4],
			"rotation": {"angle": 0, "axis": "y", "origin": [0, 16, 0]},
			"faces": {
				"north": {"uv": [0, 2, 4, 4], "texture": "#2"},
				"east": {"uv": [0, 2, 4, 4], "texture": "#2"},
				"south": {"uv": [0, 2, 4, 4], "texture": "#2"},
				"west": {"uv": [0, 2, 4, 4], "texture": "#2"},
				"up": {"uv": [0, 0, 4, 4], "texture": "#2"},
				"down": {"uv": [0, 0, 4, 4], "texture": "#2"}
			}
		},
		{
			"name": "Cube",
			"from": [12, 22, 0],
			"to": [16, 24, 4],
			"rotation": {"angle": 0, "axis": "y", "origin": [0, 16, 0]},
			"faces": {
				"north": {"uv": [0, 2, 4, 4], "texture": "#2"},
				"east": {"uv": [0, 2, 4, 4], "texture": "#2"},
				"south": {"uv": [0, 2, 4, 4], "texture": "#2"},
				"west": {"uv": [0, 2, 4, 4], "texture": "#2"},
				"up": {"uv": [0, 0, 4, 4], "texture": "#2"},
				"down": {"uv": [0, 0, 4, 4], "texture": "#2"}
			}
		},
		{
			"name": "Cube",
			"from": [12, 22, 12],
			"to": [16, 24, 16],
			"rotation": {"angle": 0, "axis": "y", "origin": [0, 16, 0]},
			"faces": {
				"north": {"uv": [0, 2, 4, 4], "texture": "#2"},
				"east": {"uv": [0, 2, 4, 4], "texture": "#2"},
				"south": {"uv": [0, 2, 4, 4], "texture": "#2"},
				"west": {"uv": [0, 2, 4, 4], "texture": "#2"},
				"up": {"uv": [0, 0, 4, 4], "texture": "#2"},
				"down": {"uv": [0, 0, 4, 4], "texture": "#2"}
			}
		},
		{
			"name": "Cube",
			"from": [0, 22, 12],
			"to": [4, 24, 16],
			"rotation": {"angle": 0, "axis": "y", "origin": [0, 16, 0]},
			"faces": {
				"north": {"uv": [0, 2, 4, 4], "texture": "#2"},
				"east": {"uv": [0, 2, 4, 4], "texture": "#2"},
				"south": {"uv": [0, 2, 4, 4], "texture": "#2"},
				"west": {"uv": [0, 2, 4, 4], "texture": "#2"},
				"up": {"uv": [0, 0, 4, 4], "texture": "#2"},
				"down": {"uv": [0, 0, 4, 4], "texture": "#2"}
			}
		}
	]
}