{
    "parent": "aetherworks:item/crossbow_quartz",
	"elements": [
		{
			"name": "StringLeft",
			"from": [-3.9, 8.9, 3.25],
			"to": [11.4, 9.15, 3.5],
			"rotation": {"angle": -45, "axis": "y", "origin": [-3.6, 8.9, 3.25]},
			"faces": {
				"north": {"uv": [15, 0, 16, 16], "rotation": 270, "texture": "#layer0"},
				"south": {"uv": [15, 0, 16, 16], "rotation": 90, "texture": "#layer0"},
				"up": {"uv": [15, 0, 16, 16], "rotation": 90, "texture": "#layer0"},
				"down": {"uv": [15, 0, 16, 16], "rotation": 90, "texture": "#layer0"}
			}
		},
		{
			"name": "StringRight",
			"from": [4.6, 8.9, 3.25],
			"to": [19.9, 9.15, 3.5],
			"rotation": {"angle": 45, "axis": "y", "origin": [19.6, 8.9, 3.25]},
			"faces": {
				"north": {"uv": [15, 16, 16, 0], "rotation": 270, "texture": "#layer0"},
				"south": {"uv": [15, 16, 16, 0], "rotation": 90, "texture": "#layer0"},
				"up": {"uv": [15, 16, 16, 0], "rotation": 90, "texture": "#layer0"},
				"down": {"uv": [15, 16, 16, 0], "rotation": 90, "texture": "#layer0"}
			}
		},
		{
			"name": "BodyBottom",
			"from": [6.5, 6.75, 0],
			"to": [9.5, 8.75, 15],
			"rotation": {"angle": 0, "axis": "y", "origin": [7, 7.7, 10]},
			"faces": {
				"east": {"uv": [0, 0, 15, 2], "texture": "#layer0"},
				"south": {"uv": [0, 0, 3, 2], "texture": "#layer0"},
				"west": {"uv": [0, 0, 15, 2], "texture": "#layer0"},
				"up": {"uv": [0, 0, 3, 15], "texture": "#layer0"},
				"down": {"uv": [0, 0, 3, 15], "texture": "#layer0"}
			}
		},
		{
			"name": "BodyTop",
			"from": [6.5, 9.25, 0],
			"to": [9.5, 10.25, 15],
			"rotation": {"angle": 0, "axis": "y", "origin": [7, 9.3, 10]},
			"faces": {
				"east": {"uv": [0, 15, 15, 16], "texture": "#layer0"},
				"south": {"uv": [0, 0, 3, 1], "texture": "#layer0"},
				"west": {"uv": [0, 15, 15, 16], "texture": "#layer0"},
				"up": {"uv": [0, 0, 3, 15], "texture": "#layer0"},
				"down": {"uv": [0, 0, 3, 15], "texture": "#layer0"}
			}
		},
		{
			"name": "InnerBody",
			"from": [7, 8.75, 2],
			"to": [9, 9.25, 15],
			"rotation": {"angle": 0, "axis": "y", "origin": [7, 8.3, 10]},
			"faces": {
				"east": {"uv": [14.5, 2, 15, 15], "rotation": 90, "texture": "#layer0"},
				"west": {"uv": [14.5, 2, 15, 15], "rotation": 90, "texture": "#layer0"}
			}
		},
		{
			"name": "DawnstoneFrontBottom",
			"from": [6, 8, -2],
			"to": [10, 12, 1],
			"rotation": {"angle": 45, "axis": "x", "origin": [7.5, 9, -2]},
			"faces": {
				"north": {"uv": [6, 8, 10, 9], "texture": "#layer1"},
				"east": {"uv": [11, 11, 14, 15], "texture": "#layer1"},
				"south": {"uv": [3, 11, 7, 15], "texture": "#layer1"},
				"west": {"uv": [11, 11, 14, 15], "rotation": 180, "texture": "#layer1"},
				"up": {"uv": [7, 12, 11, 15], "texture": "#layer1"},
				"down": {"uv": [7, 9, 11, 12], "texture": "#layer1"}
			}
		},
		{
			"name": "DawnstoneFrontTop",
			"from": [6, 9, -3],
			"to": [10, 12, -2],
			"rotation": {"angle": 45, "axis": "x", "origin": [7.5, 9, -2]},
			"faces": {
				"north": {"uv": [2, 8, 6, 11], "texture": "#layer1"},
				"east": {"uv": [5, 8, 6, 11], "texture": "#layer1"},
				"west": {"uv": [2, 8, 3, 11], "texture": "#layer1"},
				"up": {"uv": [2, 8, 6, 9], "rotation": 180, "texture": "#layer1"},
				"down": {"uv": [6, 8, 10, 9], "texture": "#layer1"}
			}
		},
		{
			"name": "OverlayCube",
			"from": [4.6, 8, -0.65],
			"to": [6.6, 10, 1.35],
			"rotation": {"angle": 45, "axis": "y", "origin": [4.6, 8, -0.65]},
			"faces": {
				"north": {"uv": [2, 6, 0, 8], "texture": "#layer2"},
				"east": {"uv": [4, 8, 2, 10], "texture": "#layer2"},
				"south": {"uv": [4, 6, 2, 8], "texture": "#layer2"},
				"west": {"uv": [2, 8, 0, 10], "texture": "#layer2"},
				"up": {"uv": [2, 10, 0, 12], "texture": "#layer2"},
				"down": {"uv": [4, 10, 2, 12], "texture": "#layer2"}
			}
		},
		{
			"name": "OverlayCube",
			"from": [9.4, 8, -0.65],
			"to": [11.4, 10, 1.35],
			"rotation": {"angle": -45, "axis": "y", "origin": [11.4, 8, -0.65]},
			"faces": {
				"north": {"uv": [0, 6, 2, 8], "texture": "#layer2"},
				"east": {"uv": [0, 8, 2, 10], "texture": "#layer2"},
				"south": {"uv": [2, 6, 4, 8], "texture": "#layer2"},
				"west": {"uv": [2, 8, 4, 10], "texture": "#layer2"},
				"up": {"uv": [0, 10, 2, 12], "texture": "#layer2"},
				"down": {"uv": [2, 10, 4, 12], "texture": "#layer2"}
			}
		},
		{
			"name": "ArmLeft1",
			"from": [0.6, 8.5, -2.2],
			"to": [6.6, 9.5, -0.2],
			"rotation": {"angle": -22.5, "axis": "y", "origin": [4.6, 8.5, -2.2]},
			"faces": {
				"north": {"uv": [9, 9, 3, 10], "texture": "#layer0"},
				"south": {"uv": [9, 6, 3, 7], "texture": "#layer0"},
				"up": {"uv": [11, 12, 13, 6], "rotation": 90, "texture": "#layer0"},
				"down": {"uv": [9, 7, 3, 9], "texture": "#layer0"}
			}
		},
		{
			"name": "ArmRight1",
			"from": [9.4, 8.5, -2.2],
			"to": [15.4, 9.5, -0.2],
			"rotation": {"angle": 22.5, "axis": "y", "origin": [11.4, 8.5, -2.2]},
			"faces": {
				"north": {"uv": [3, 9, 9, 10], "texture": "#layer0"},
				"south": {"uv": [3, 6, 9, 7], "texture": "#layer0"},
				"up": {"uv": [11, 6, 13, 12], "rotation": 90, "texture": "#layer0"},
				"down": {"uv": [3, 7, 9, 9], "texture": "#layer0"}
			}
		},
		{
			"name": "OverlayCube",
			"from": [-0.5, 8, -3.3],
			"to": [1.5, 10, -1.3],
			"rotation": {"angle": 22.5, "axis": "y", "origin": [-0.5, 8, -3.3]},
			"faces": {
				"north": {"uv": [6, 0, 4, 2], "texture": "#layer2"},
				"east": {"uv": [6, 2, 4, 4], "texture": "#layer2"},
				"south": {"uv": [8, 0, 6, 2], "texture": "#layer2"},
				"west": {"uv": [8, 2, 6, 4], "texture": "#layer2"},
				"up": {"uv": [6, 4, 4, 6], "texture": "#layer2"},
				"down": {"uv": [8, 4, 6, 6], "texture": "#layer2"}
			}
		},
		{
			"name": "OverlayCube",
			"from": [14.5, 8, -3.3],
			"to": [16.5, 10, -1.3],
			"rotation": {"angle": -22.5, "axis": "y", "origin": [16.5, 8, -3.3]},
			"faces": {
				"north": {"uv": [4, 0, 6, 2], "texture": "#layer2"},
				"east": {"uv": [6, 2, 8, 4], "texture": "#layer2"},
				"south": {"uv": [6, 0, 8, 2], "texture": "#layer2"},
				"west": {"uv": [4, 2, 6, 4], "texture": "#layer2"},
				"up": {"uv": [4, 4, 6, 6], "texture": "#layer2"},
				"down": {"uv": [6, 4, 8, 6], "texture": "#layer2"}
			}
		},
		{
			"name": "ArmLeft2",
			"from": [-6.75, 8.5, -2.9],
			"to": [1.25, 9.5, -1.9],
			"rotation": {"angle": 45, "axis": "y", "origin": [0.25, 8.5, -1.9]},
			"faces": {
				"north": {"uv": [11, 13, 3, 14], "texture": "#layer0"},
				"south": {"uv": [11, 12, 3, 13], "texture": "#layer0"},
				"up": {"uv": [11, 10, 3, 11], "texture": "#layer0"},
				"down": {"uv": [11, 11, 3, 12], "texture": "#layer0"}
			}
		},
		{
			"name": "ArmRight2",
			"from": [14.75, 8.5, -2.9],
			"to": [22.75, 9.5, -1.9],
			"rotation": {"angle": -45, "axis": "y", "origin": [15.75, 8.5, -1.9]},
			"faces": {
				"north": {"uv": [3, 13, 11, 14], "texture": "#layer0"},
				"south": {"uv": [3, 12, 11, 13], "texture": "#layer0"},
				"up": {"uv": [3, 10, 11, 11], "texture": "#layer0"},
				"down": {"uv": [3, 11, 11, 12], "texture": "#layer0"}
			}
		},
		{
			"name": "OverlayCube",
			"from": [-5.9, 7.7, 1.8],
			"to": [-3.9, 9.7, 3.8],
			"rotation": {"angle": -22.5, "axis": "x", "origin": [-5.9, 9.7, 1.8]},
			"faces": {
				"north": {"uv": [2, 0, 0, 2], "rotation": 180, "texture": "#layer2"},
				"east": {"uv": [0, 4, 2, 2], "rotation": 270, "texture": "#layer2"},
				"south": {"uv": [4, 0, 2, 2], "texture": "#layer2"},
				"west": {"uv": [2, 4, 4, 2], "rotation": 90, "texture": "#layer2"},
				"up": {"uv": [2, 4, 0, 6], "rotation": 180, "texture": "#layer2"},
				"down": {"uv": [4, 4, 2, 6], "texture": "#layer2"}
			}
		},
		{
			"name": "OverlayCube",
			"from": [19.9, 7.7, 1.8],
			"to": [21.9, 9.7, 3.8],
			"rotation": {"angle": -22.5, "axis": "x", "origin": [21.9, 9.7, 1.8]},
			"faces": {
				"north": {"uv": [0, 0, 2, 2], "rotation": 180, "texture": "#layer2"},
				"east": {"uv": [2, 2, 4, 4], "rotation": 90, "texture": "#layer2"},
				"south": {"uv": [2, 0, 4, 2], "texture": "#layer2"},
				"west": {"uv": [0, 2, 2, 4], "rotation": 270, "texture": "#layer2"},
				"up": {"uv": [0, 4, 2, 6], "rotation": 180, "texture": "#layer2"},
				"down": {"uv": [2, 4, 4, 6], "texture": "#layer2"}
			}
		},
		{
			"name": "Lock",
			"from": [6, 9, 14],
			"to": [10, 10, 15],
			"rotation": {"angle": 45, "axis": "x", "origin": [7, 9, 14]},
			"faces": {
				"north": {"uv": [2, 3, 6, 4], "rotation": 180, "texture": "#layer1"},
				"east": {"uv": [5, 3, 6, 4], "texture": "#layer1"},
				"south": {"uv": [2, 3, 6, 4], "texture": "#layer1"},
				"west": {"uv": [2, 3, 3, 4], "texture": "#layer1"},
				"up": {"uv": [2, 3, 6, 4], "texture": "#layer1"},
				"down": {"uv": [2, 3, 6, 4], "texture": "#layer1"}
			}
		},
		{
			"name": "DawnstoneBetweenBody",
			"from": [7, 7, 15],
			"to": [9, 10, 16],
			"rotation": {"angle": 0, "axis": "y", "origin": [7, 8, 15]},
			"faces": {
				"east": {"uv": [3, 0, 4, 3], "texture": "#layer1"},
				"west": {"uv": [2, 0, 3, 3], "texture": "#layer1"},
				"up": {"uv": [2, 0, 4, 1], "texture": "#layer1"},
				"down": {"uv": [2, 2, 4, 3], "texture": "#layer1"}
			}
		},
		{
			"name": "BackKnob",
			"from": [7, 7, 18],
			"to": [9, 10, 19],
			"rotation": {"angle": 0, "axis": "y", "origin": [7, 8, 18]},
			"faces": {
				"east": {"uv": [3, 0, 4, 3], "texture": "#layer1"},
				"south": {"uv": [2, 0, 4, 3], "texture": "#layer1"},
				"west": {"uv": [2, 0, 3, 3], "texture": "#layer1"},
				"up": {"uv": [2, 0, 4, 1], "texture": "#layer1"},
				"down": {"uv": [2, 2, 4, 3], "texture": "#layer1"}
			}
		},
		{
			"name": "BackBody",
			"from": [6.5, 6.5, 16],
			"to": [9.5, 10.5, 18],
			"rotation": {"angle": 0, "axis": "y", "origin": [7, 8, 16]},
			"faces": {
				"north": {"uv": [8, 2, 11, 6], "texture": "#layer0"},
				"east": {"uv": [3, 2, 5, 6], "texture": "#layer0"},
				"south": {"uv": [8, 2, 11, 6], "texture": "#layer0"},
				"west": {"uv": [3, 2, 5, 6], "texture": "#layer0"},
				"up": {"uv": [5, 2, 8, 4], "texture": "#layer0"},
				"down": {"uv": [5, 2, 8, 4], "texture": "#layer0"}
			}
		},
		{
			"name": "DawnstoneRightKnob",
			"from": [8.5, 7, 1],
			"to": [10.5, 10, 3],
			"rotation": {"angle": 0, "axis": "y", "origin": [8, 8, 1]},
			"faces": {
				"north": {"uv": [5, 0, 7, 3], "texture": "#layer1"},
				"east": {"uv": [4, 0, 6, 3], "texture": "#layer1"},
				"south": {"uv": [6, 0, 8, 3], "texture": "#layer1"},
				"west": {"uv": [4, 0, 6, 3], "texture": "#layer1"},
				"up": {"uv": [4, 0, 6, 2], "texture": "#layer1"},
				"down": {"uv": [6, 1, 8, 3], "texture": "#layer1"}
			}
		},
		{
			"name": "TopKnob",
			"from": [7, 10.25, 11],
			"to": [9, 11.25, 14],
			"rotation": {"angle": 0, "axis": "y", "origin": [7, 10.25, 12]},
			"faces": {
				"north": {"uv": [7, 3, 9, 4], "rotation": 180, "texture": "#layer1"},
				"east": {"uv": [9, 4, 10, 7], "rotation": 90, "texture": "#layer1"},
				"south": {"uv": [7, 7, 9, 8], "texture": "#layer1"},
				"west": {"uv": [6, 4, 7, 7], "rotation": 270, "texture": "#layer1"},
				"up": {"uv": [7, 4, 9, 7], "texture": "#layer1"}
			}
		},
		{
			"name": "DawnstoneBottomBack",
			"from": [6.5, 5.75, 13],
			"to": [9.5, 6.75, 14],
			"rotation": {"angle": 0, "axis": "y", "origin": [7, 6.25, 12]},
			"faces": {
				"north": {"uv": [0, 14, 3, 15], "texture": "#layer1"},
				"east": {"uv": [0, 14, 1, 15], "texture": "#layer1"},
				"south": {"uv": [0, 14, 3, 15], "texture": "#layer1"},
				"west": {"uv": [2, 14, 3, 15], "texture": "#layer1"},
				"down": {"uv": [0, 14, 3, 15], "texture": "#layer1"}
			}
		},
		{
			"name": "Switch",
			"from": [5.5, 7.2, 5.2],
			"to": [6.5, 8.2, 14.2],
			"rotation": {"angle": -22.5, "axis": "x", "origin": [5.75, 8.2, 13.2]},
			"faces": {
				"north": {"uv": [14, 6, 15, 7], "texture": "#layer1"},
				"east": {"uv": [14, 7, 15, 16], "rotation": 90, "texture": "#layer1"},
				"south": {"uv": [15, 6, 16, 7], "rotation": 270, "texture": "#layer1"},
				"west": {"uv": [15, 7, 16, 16], "rotation": 270, "texture": "#layer1"},
				"up": {"uv": [14, 7, 15, 16], "texture": "#layer1"},
				"down": {"uv": [15, 7, 16, 16], "rotation": 180, "texture": "#layer1"}
			}
		},
		{
			"name": "Switch",
			"from": [9.5, 7.2, 5.2],
			"to": [10.5, 8.2, 14.2],
			"rotation": {"angle": -22.5, "axis": "x", "origin": [10.25, 8.2, 13.2]},
			"faces": {
				"north": {"uv": [15, 6, 14, 7], "texture": "#layer1"},
				"east": {"uv": [15, 16, 16, 7], "rotation": 270, "texture": "#layer1"},
				"south": {"uv": [15, 7, 16, 6], "rotation": 270, "texture": "#layer1"},
				"west": {"uv": [14, 16, 15, 7], "rotation": 90, "texture": "#layer1"},
				"up": {"uv": [15, 7, 14, 16], "texture": "#layer1"},
				"down": {"uv": [16, 7, 15, 16], "rotation": 180, "texture": "#layer1"}
			}
		},
		{
			"name": "Switch",
			"from": [5.5, 7.2, 4.2],
			"to": [10.5, 8.2, 5.2],
			"rotation": {"angle": -22.5, "axis": "x", "origin": [7.75, 8.2, 13.2]},
			"faces": {
				"north": {"uv": [11, 0, 16, 1], "texture": "#layer1"},
				"east": {"uv": [15, 0, 16, 1], "rotation": 90, "texture": "#layer1"},
				"south": {"uv": [11, 0, 16, 1], "rotation": 180, "texture": "#layer1"},
				"west": {"uv": [11, 1, 12, 2], "rotation": 270, "texture": "#layer1"},
				"up": {"uv": [11, 1, 16, 2], "texture": "#layer1"},
				"down": {"uv": [11, 1, 16, 2], "texture": "#layer1"}
			}
		},
		{
			"name": "FrontFootSlot",
			"from": [6.3, 7, -4.5],
			"to": [7.3, 8, -0.5],
			"rotation": {"angle": 22.5, "axis": "y", "origin": [7.3, 7, -2]},
			"faces": {
				"east": {"uv": [6, 4, 2, 5], "texture": "#layer1"},
				"west": {"uv": [6, 4, 2, 5], "rotation": 180, "texture": "#layer1"},
				"up": {"uv": [2, 5, 6, 4], "rotation": 90, "texture": "#layer1"},
				"down": {"uv": [2, 5, 6, 4], "rotation": 270, "texture": "#layer1"}
			}
		},
		{
			"name": "FrontFootSlot",
			"from": [5.349, 6.999, -5.101],
			"to": [8.351, 8.001, -4.099],
			"rotation": {"angle": 22.5, "axis": "y", "origin": [5.85, 7, -4.15]},
			"faces": {
				"north": {"uv": [5, 8, 6, 5], "rotation": 90, "texture": "#layer1"},
				"east": {"uv": [6, 5, 5, 6], "texture": "#layer1"},
				"south": {"uv": [5, 8, 6, 5], "rotation": 90, "texture": "#layer1"},
				"west": {"uv": [6, 7, 5, 8], "texture": "#layer1"},
				"up": {"uv": [5, 8, 6, 5], "rotation": 270, "texture": "#layer1"},
				"down": {"uv": [5, 8, 6, 5], "rotation": 270, "texture": "#layer1"}
			}
		},
		{
			"name": "FrontFootSlot",
			"from": [7.649, 6.999, -5.101],
			"to": [10.651, 8.001, -4.099],
			"rotation": {"angle": -22.5, "axis": "y", "origin": [10.15, 7, -4.15]},
			"faces": {
				"north": {"uv": [5, 5, 6, 8], "rotation": 90, "texture": "#layer1"},
				"east": {"uv": [5, 7, 6, 8], "texture": "#layer1"},
				"south": {"uv": [5, 5, 6, 8], "rotation": 90, "texture": "#layer1"},
				"west": {"uv": [5, 5, 6, 6], "texture": "#layer1"},
				"up": {"uv": [5, 5, 6, 8], "rotation": 270, "texture": "#layer1"},
				"down": {"uv": [5, 5, 6, 8], "rotation": 270, "texture": "#layer1"}
			}
		},
		{
			"name": "FrontFootSlot",
			"from": [8.7, 7, -4.5],
			"to": [9.7, 8, -0.5],
			"rotation": {"angle": -22.5, "axis": "y", "origin": [8.7, 7, -2]},
			"faces": {
				"east": {"uv": [2, 4, 6, 5], "rotation": 180, "texture": "#layer1"},
				"west": {"uv": [2, 4, 6, 5], "texture": "#layer1"},
				"up": {"uv": [2, 4, 6, 5], "rotation": 90, "texture": "#layer1"},
				"down": {"uv": [2, 4, 6, 5], "rotation": 270, "texture": "#layer1"}
			}
		},
		{
			"name": "DawnstoneBottom",
			"from": [7, 6.25, -0.5],
			"to": [9, 6.75, 13.5],
			"rotation": {"angle": 0, "axis": "y", "origin": [7, 5.25, 0]},
			"faces": {
				"north": {"uv": [0, 0, 2, 0.5], "texture": "#layer1"},
				"east": {"uv": [0, 15.5, 14, 16], "texture": "#layer1"},
				"south": {"uv": [0, 0, 2, 0.5], "texture": "#layer1"},
				"west": {"uv": [0, 15.5, 14, 16], "texture": "#layer1"},
				"down": {"uv": [0, 0, 2, 14], "texture": "#layer1"}
			}
		},
		{
			"name": "DawnstoneLeftKnob",
			"from": [5.5, 7, 1],
			"to": [7.5, 10, 3],
			"rotation": {"angle": 0, "axis": "y", "origin": [8, 8, 1]},
			"faces": {
				"north": {"uv": [7, 0, 5, 3], "texture": "#layer1"},
				"east": {"uv": [6, 0, 4, 3], "texture": "#layer1"},
				"south": {"uv": [8, 0, 6, 3], "texture": "#layer1"},
				"west": {"uv": [6, 0, 4, 3], "texture": "#layer1"},
				"up": {"uv": [6, 0, 4, 2], "texture": "#layer1"},
				"down": {"uv": [8, 1, 6, 3], "texture": "#layer1"}
			}
		},
		{
			"name": "Switch",
			"from": [6.499, 7.2, 13.2],
			"to": [6.499, 8.7, 14.7],
			"rotation": {"angle": 0, "axis": "y", "origin": [4.5, 6.9, 12.9]},
			"faces": {
				"west": {"uv": [14, 2, 16, 4], "texture": "#layer1"}
			}
		},
		{
			"name": "Switch",
			"from": [9.501, 7.2, 13.2],
			"to": [9.501, 8.7, 14.7],
			"rotation": {"angle": 0, "axis": "y", "origin": [11.5, 6.9, 12.9]},
			"faces": {
				"east": {"uv": [16, 2, 14, 4], "texture": "#layer1"}
			}
		}
	]
}
