{
  "variants": {
    "axis=x,edge=east,waterlogged=false": {
      "model": "embers:block/mech_edge_straight",
      "uvlock": true,
      "y": 90
    },
    "axis=x,edge=east,waterlogged=true": {
      "model": "embers:block/mech_edge_straight",
      "uvlock": true,
      "y": 90
    },
    "axis=x,edge=north,waterlogged=false": {
      "model": "embers_extended:block/fluid_bore_edge",
      "uvlock": true
    },
    "axis=x,edge=north,waterlogged=true": {
      "model": "embers_extended:block/fluid_bore_edge",
      "uvlock": true
    },
    "axis=x,edge=northeast,waterlogged=false": {
      "model": "embers:block/mech_edge_corner",
      "uvlock": true
    },
    "axis=x,edge=northeast,waterlogged=true": {
      "model": "embers:block/mech_edge_corner",
      "uvlock": true
    },
    "axis=x,edge=northwest,waterlogged=false": {
      "model": "embers:block/mech_edge_corner",
      "uvlock": true,
      "y": 270
    },
    "axis=x,edge=northwest,waterlogged=true": {
      "model": "embers:block/mech_edge_corner",
      "uvlock": true,
      "y": 270
    },
    "axis=x,edge=south,waterlogged=false": {
      "model": "embers_extended:block/fluid_bore_edge",
      "uvlock": true,
      "y": 180
    },
    "axis=x,edge=south,waterlogged=true": {
      "model": "embers_extended:block/fluid_bore_edge",
      "uvlock": true,
      "y": 180
    },
    "axis=x,edge=southeast,waterlogged=false": {
      "model": "embers:block/mech_edge_corner",
      "uvlock": true,
      "y": 90
    },
    "axis=x,edge=southeast,waterlogged=true": {
      "model": "embers:block/mech_edge_corner",
      "uvlock": true,
      "y": 90
    },
    "axis=x,edge=southwest,waterlogged=false": {
      "model": "embers:block/mech_edge_corner",
      "uvlock": true,
      "y": 180
    },
    "axis=x,edge=southwest,waterlogged=true": {
      "model": "embers:block/mech_edge_corner",
      "uvlock": true,
      "y": 180
    },
    "axis=x,edge=west,waterlogged=false": {
      "model": "embers:block/mech_edge_straight",
      "uvlock": true,
      "y": 270
    },
    "axis=x,edge=west,waterlogged=true": {
      "model": "embers:block/mech_edge_straight",
      "uvlock": true,
      "y": 270
    },
    "axis=z,edge=east,waterlogged=false": {
      "model": "embers_extended:block/fluid_bore_edge",
      "uvlock": true,
      "y": 90
    },
    "axis=z,edge=east,waterlogged=true": {
      "model": "embers_extended:block/fluid_bore_edge",
      "uvlock": true,
      "y": 90
    },
    "axis=z,edge=north,waterlogged=false": {
      "model": "embers:block/mech_edge_straight",
      "uvlock": true
    },
    "axis=z,edge=north,waterlogged=true": {
      "model": "embers:block/mech_edge_straight",
      "uvlock": true
    },
    "axis=z,edge=northeast,waterlogged=false": {
      "model": "embers:block/mech_edge_corner",
      "uvlock": true
    },
    "axis=z,edge=northeast,waterlogged=true": {
      "model": "embers:block/mech_edge_corner",
      "uvlock": true
    },
    "axis=z,edge=northwest,waterlogged=false": {
      "model": "embers:block/mech_edge_corner",
      "uvlock": true,
      "y": 270
    },
    "axis=z,edge=northwest,waterlogged=true": {
      "model": "embers:block/mech_edge_corner",
      "uvlock": true,
      "y": 270
    },
    "axis=z,edge=south,waterlogged=false": {
      "model": "embers:block/mech_edge_straight",
      "uvlock": true,
      "y": 180
    },
    "axis=z,edge=south,waterlogged=true": {
      "model": "embers:block/mech_edge_straight",
      "uvlock": true,
      "y": 180
    },
    "axis=z,edge=southeast,waterlogged=false": {
      "model": "embers:block/mech_edge_corner",
      "uvlock": true,
      "y": 90
    },
    "axis=z,edge=southeast,waterlogged=true": {
      "model": "embers:block/mech_edge_corner",
      "uvlock": true,
      "y": 90
    },
    "axis=z,edge=southwest,waterlogged=false": {
      "model": "embers:block/mech_edge_corner",
      "uvlock": true,
      "y": 180
    },
    "axis=z,edge=southwest,waterlogged=true": {
      "model": "embers:block/mech_edge_corner",
      "uvlock": true,
      "y": 180
    },
    "axis=z,edge=west,waterlogged=false": {
      "model": "embers_extended:block/fluid_bore_edge",
      "uvlock": true,
      "y": 270
    },
    "axis=z,edge=west,waterlogged=true": {
      "model": "embers_extended:block/fluid_bore_edge",
      "uvlock": true,
      "y": 270
    }
  }
}