{
  "variants": {
    "facing=down,power=0,waterlogged=false": {
      "model": "embers_extended:block/silver_ember_dial",
      "x": 180
    },
    "facing=down,power=0,waterlogged=true": {
      "model": "embers_extended:block/silver_ember_dial",
      "x": 180
    },
    "facing=down,power=1,waterlogged=false": {
      "model": "embers_extended:block/silver_ember_dial",
      "x": 180
    },
    "facing=down,power=1,waterlogged=true": {
      "model": "embers_extended:block/silver_ember_dial",
      "x": 180
    },
    "facing=down,power=10,waterlogged=false": {
      "model": "embers_extended:block/silver_ember_dial",
      "x": 180
    },
    "facing=down,power=10,waterlogged=true": {
      "model": "embers_extended:block/silver_ember_dial",
      "x": 180
    },
    "facing=down,power=11,waterlogged=false": {
      "model": "embers_extended:block/silver_ember_dial",
      "x": 180
    },
    "facing=down,power=11,waterlogged=true": {
      "model": "embers_extended:block/silver_ember_dial",
      "x": 180
    },
    "facing=down,power=12,waterlogged=false": {
      "model": "embers_extended:block/silver_ember_dial",
      "x": 180
    },
    "facing=down,power=12,waterlogged=true": {
      "model": "embers_extended:block/silver_ember_dial",
      "x": 180
    },
    "facing=down,power=13,waterlogged=false": {
      "model": "embers_extended:block/silver_ember_dial",
      "x": 180
    },
    "facing=down,power=13,waterlogged=true": {
      "model": "embers_extended:block/silver_ember_dial",
      "x": 180
    },
    "facing=down,power=14,waterlogged=false": {
      "model": "embers_extended:block/silver_ember_dial",
      "x": 180
    },
    "facing=down,power=14,waterlogged=true": {
      "model": "embers_extended:block/silver_ember_dial",
      "x": 180
    },
    "facing=down,power=15,waterlogged=false": {
      "model": "embers_extended:block/silver_ember_dial",
      "x": 180
    },
    "facing=down,power=15,waterlogged=true": {
      "model": "embers_extended:block/silver_ember_dial",
      "x": 180
    },
    "facing=down,power=2,waterlogged=false": {
      "model": "embers_extended:block/silver_ember_dial",
      "x": 180
    },
    "facing=down,power=2,waterlogged=true": {
      "model": "embers_extended:block/silver_ember_dial",
      "x": 180
    },
    "facing=down,power=3,waterlogged=false": {
      "model": "embers_extended:block/silver_ember_dial",
      "x": 180
    },
    "facing=down,power=3,waterlogged=true": {
      "model": "embers_extended:block/silver_ember_dial",
      "x": 180
    },
    "facing=down,power=4,waterlogged=false": {
      "model": "embers_extended:block/silver_ember_dial",
      "x": 180
    },
    "facing=down,power=4,waterlogged=true": {
      "model": "embers_extended:block/silver_ember_dial",
      "x": 180
    },
    "facing=down,power=5,waterlogged=false": {
      "model": "embers_extended:block/silver_ember_dial",
      "x": 180
    },
    "facing=down,power=5,waterlogged=true": {
      "model": "embers_extended:block/silver_ember_dial",
      "x": 180
    },
    "facing=down,power=6,waterlogged=false": {
      "model": "embers_extended:block/silver_ember_dial",
      "x": 180
    },
    "facing=down,power=6,waterlogged=true": {
      "model": "embers_extended:block/silver_ember_dial",
      "x": 180
    },
    "facing=down,power=7,waterlogged=false": {
      "model": "embers_extended:block/silver_ember_dial",
      "x": 180
    },
    "facing=down,power=7,waterlogged=true": {
      "model": "embers_extended:block/silver_ember_dial",
      "x": 180
    },
    "facing=down,power=8,waterlogged=false": {
      "model": "embers_extended:block/silver_ember_dial",
      "x": 180
    },
    "facing=down,power=8,waterlogged=true": {
      "model": "embers_extended:block/silver_ember_dial",
      "x": 180
    },
    "facing=down,power=9,waterlogged=false": {
      "model": "embers_extended:block/silver_ember_dial",
      "x": 180
    },
    "facing=down,power=9,waterlogged=true": {
      "model": "embers_extended:block/silver_ember_dial",
      "x": 180
    },
    "facing=east,power=0,waterlogged=false": {
      "model": "embers_extended:block/silver_ember_dial",
      "x": 90,
      "y": 90
    },
    "facing=east,power=0,waterlogged=true": {
      "model": "embers_extended:block/silver_ember_dial",
      "x": 90,
      "y": 90
    },
    "facing=east,power=1,waterlogged=false": {
      "model": "embers_extended:block/silver_ember_dial",
      "x": 90,
      "y": 90
    },
    "facing=east,power=1,waterlogged=true": {
      "model": "embers_extended:block/silver_ember_dial",
      "x": 90,
      "y": 90
    },
    "facing=east,power=10,waterlogged=false": {
      "model": "embers_extended:block/silver_ember_dial",
      "x": 90,
      "y": 90
    },
    "facing=east,power=10,waterlogged=true": {
      "model": "embers_extended:block/silver_ember_dial",
      "x": 90,
      "y": 90
    },
    "facing=east,power=11,waterlogged=false": {
      "model": "embers_extended:block/silver_ember_dial",
      "x": 90,
      "y": 90
    },
    "facing=east,power=11,waterlogged=true": {
      "model": "embers_extended:block/silver_ember_dial",
      "x": 90,
      "y": 90
    },
    "facing=east,power=12,waterlogged=false": {
      "model": "embers_extended:block/silver_ember_dial",
      "x": 90,
      "y": 90
    },
    "facing=east,power=12,waterlogged=true": {
      "model": "embers_extended:block/silver_ember_dial",
      "x": 90,
      "y": 90
    },
    "facing=east,power=13,waterlogged=false": {
      "model": "embers_extended:block/silver_ember_dial",
      "x": 90,
      "y": 90
    },
    "facing=east,power=13,waterlogged=true": {
      "model": "embers_extended:block/silver_ember_dial",
      "x": 90,
      "y": 90
    },
    "facing=east,power=14,waterlogged=false": {
      "model": "embers_extended:block/silver_ember_dial",
      "x": 90,
      "y": 90
    },
    "facing=east,power=14,waterlogged=true": {
      "model": "embers_extended:block/silver_ember_dial",
      "x": 90,
      "y": 90
    },
    "facing=east,power=15,waterlogged=false": {
      "model": "embers_extended:block/silver_ember_dial",
      "x": 90,
      "y": 90
    },
    "facing=east,power=15,waterlogged=true": {
      "model": "embers_extended:block/silver_ember_dial",
      "x": 90,
      "y": 90
    },
    "facing=east,power=2,waterlogged=false": {
      "model": "embers_extended:block/silver_ember_dial",
      "x": 90,
      "y": 90
    },
    "facing=east,power=2,waterlogged=true": {
      "model": "embers_extended:block/silver_ember_dial",
      "x": 90,
      "y": 90
    },
    "facing=east,power=3,waterlogged=false": {
      "model": "embers_extended:block/silver_ember_dial",
      "x": 90,
      "y": 90
    },
    "facing=east,power=3,waterlogged=true": {
      "model": "embers_extended:block/silver_ember_dial",
      "x": 90,
      "y": 90
    },
    "facing=east,power=4,waterlogged=false": {
      "model": "embers_extended:block/silver_ember_dial",
      "x": 90,
      "y": 90
    },
    "facing=east,power=4,waterlogged=true": {
      "model": "embers_extended:block/silver_ember_dial",
      "x": 90,
      "y": 90
    },
    "facing=east,power=5,waterlogged=false": {
      "model": "embers_extended:block/silver_ember_dial",
      "x": 90,
      "y": 90
    },
    "facing=east,power=5,waterlogged=true": {
      "model": "embers_extended:block/silver_ember_dial",
      "x": 90,
      "y": 90
    },
    "facing=east,power=6,waterlogged=false": {
      "model": "embers_extended:block/silver_ember_dial",
      "x": 90,
      "y": 90
    },
    "facing=east,power=6,waterlogged=true": {
      "model": "embers_extended:block/silver_ember_dial",
      "x": 90,
      "y": 90
    },
    "facing=east,power=7,waterlogged=false": {
      "model": "embers_extended:block/silver_ember_dial",
      "x": 90,
      "y": 90
    },
    "facing=east,power=7,waterlogged=true": {
      "model": "embers_extended:block/silver_ember_dial",
      "x": 90,
      "y": 90
    },
    "facing=east,power=8,waterlogged=false": {
      "model": "embers_extended:block/silver_ember_dial",
      "x": 90,
      "y": 90
    },
    "facing=east,power=8,waterlogged=true": {
      "model": "embers_extended:block/silver_ember_dial",
      "x": 90,
      "y": 90
    },
    "facing=east,power=9,waterlogged=false": {
      "model": "embers_extended:block/silver_ember_dial",
      "x": 90,
      "y": 90
    },
    "facing=east,power=9,waterlogged=true": {
      "model": "embers_extended:block/silver_ember_dial",
      "x": 90,
      "y": 90
    },
    "facing=north,power=0,waterlogged=false": {
      "model": "embers_extended:block/silver_ember_dial",
      "x": 90
    },
    "facing=north,power=0,waterlogged=true": {
      "model": "embers_extended:block/silver_ember_dial",
      "x": 90
    },
    "facing=north,power=1,waterlogged=false": {
      "model": "embers_extended:block/silver_ember_dial",
      "x": 90
    },
    "facing=north,power=1,waterlogged=true": {
      "model": "embers_extended:block/silver_ember_dial",
      "x": 90
    },
    "facing=north,power=10,waterlogged=false": {
      "model": "embers_extended:block/silver_ember_dial",
      "x": 90
    },
    "facing=north,power=10,waterlogged=true": {
      "model": "embers_extended:block/silver_ember_dial",
      "x": 90
    },
    "facing=north,power=11,waterlogged=false": {
      "model": "embers_extended:block/silver_ember_dial",
      "x": 90
    },
    "facing=north,power=11,waterlogged=true": {
      "model": "embers_extended:block/silver_ember_dial",
      "x": 90
    },
    "facing=north,power=12,waterlogged=false": {
      "model": "embers_extended:block/silver_ember_dial",
      "x": 90
    },
    "facing=north,power=12,waterlogged=true": {
      "model": "embers_extended:block/silver_ember_dial",
      "x": 90
    },
    "facing=north,power=13,waterlogged=false": {
      "model": "embers_extended:block/silver_ember_dial",
      "x": 90
    },
    "facing=north,power=13,waterlogged=true": {
      "model": "embers_extended:block/silver_ember_dial",
      "x": 90
    },
    "facing=north,power=14,waterlogged=false": {
      "model": "embers_extended:block/silver_ember_dial",
      "x": 90
    },
    "facing=north,power=14,waterlogged=true": {
      "model": "embers_extended:block/silver_ember_dial",
      "x": 90
    },
    "facing=north,power=15,waterlogged=false": {
      "model": "embers_extended:block/silver_ember_dial",
      "x": 90
    },
    "facing=north,power=15,waterlogged=true": {
      "model": "embers_extended:block/silver_ember_dial",
      "x": 90
    },
    "facing=north,power=2,waterlogged=false": {
      "model": "embers_extended:block/silver_ember_dial",
      "x": 90
    },
    "facing=north,power=2,waterlogged=true": {
      "model": "embers_extended:block/silver_ember_dial",
      "x": 90
    },
    "facing=north,power=3,waterlogged=false": {
      "model": "embers_extended:block/silver_ember_dial",
      "x": 90
    },
    "facing=north,power=3,waterlogged=true": {
      "model": "embers_extended:block/silver_ember_dial",
      "x": 90
    },
    "facing=north,power=4,waterlogged=false": {
      "model": "embers_extended:block/silver_ember_dial",
      "x": 90
    },
    "facing=north,power=4,waterlogged=true": {
      "model": "embers_extended:block/silver_ember_dial",
      "x": 90
    },
    "facing=north,power=5,waterlogged=false": {
      "model": "embers_extended:block/silver_ember_dial",
      "x": 90
    },
    "facing=north,power=5,waterlogged=true": {
      "model": "embers_extended:block/silver_ember_dial",
      "x": 90
    },
    "facing=north,power=6,waterlogged=false": {
      "model": "embers_extended:block/silver_ember_dial",
      "x": 90
    },
    "facing=north,power=6,waterlogged=true": {
      "model": "embers_extended:block/silver_ember_dial",
      "x": 90
    },
    "facing=north,power=7,waterlogged=false": {
      "model": "embers_extended:block/silver_ember_dial",
      "x": 90
    },
    "facing=north,power=7,waterlogged=true": {
      "model": "embers_extended:block/silver_ember_dial",
      "x": 90
    },
    "facing=north,power=8,waterlogged=false": {
      "model": "embers_extended:block/silver_ember_dial",
      "x": 90
    },
    "facing=north,power=8,waterlogged=true": {
      "model": "embers_extended:block/silver_ember_dial",
      "x": 90
    },
    "facing=north,power=9,waterlogged=false": {
      "model": "embers_extended:block/silver_ember_dial",
      "x": 90
    },
    "facing=north,power=9,waterlogged=true": {
      "model": "embers_extended:block/silver_ember_dial",
      "x": 90
    },
    "facing=south,power=0,waterlogged=false": {
      "model": "embers_extended:block/silver_ember_dial",
      "x": 90,
      "y": 180
    },
    "facing=south,power=0,waterlogged=true": {
      "model": "embers_extended:block/silver_ember_dial",
      "x": 90,
      "y": 180
    },
    "facing=south,power=1,waterlogged=false": {
      "model": "embers_extended:block/silver_ember_dial",
      "x": 90,
      "y": 180
    },
    "facing=south,power=1,waterlogged=true": {
      "model": "embers_extended:block/silver_ember_dial",
      "x": 90,
      "y": 180
    },
    "facing=south,power=10,waterlogged=false": {
      "model": "embers_extended:block/silver_ember_dial",
      "x": 90,
      "y": 180
    },
    "facing=south,power=10,waterlogged=true": {
      "model": "embers_extended:block/silver_ember_dial",
      "x": 90,
      "y": 180
    },
    "facing=south,power=11,waterlogged=false": {
      "model": "embers_extended:block/silver_ember_dial",
      "x": 90,
      "y": 180
    },
    "facing=south,power=11,waterlogged=true": {
      "model": "embers_extended:block/silver_ember_dial",
      "x": 90,
      "y": 180
    },
    "facing=south,power=12,waterlogged=false": {
      "model": "embers_extended:block/silver_ember_dial",
      "x": 90,
      "y": 180
    },
    "facing=south,power=12,waterlogged=true": {
      "model": "embers_extended:block/silver_ember_dial",
      "x": 90,
      "y": 180
    },
    "facing=south,power=13,waterlogged=false": {
      "model": "embers_extended:block/silver_ember_dial",
      "x": 90,
      "y": 180
    },
    "facing=south,power=13,waterlogged=true": {
      "model": "embers_extended:block/silver_ember_dial",
      "x": 90,
      "y": 180
    },
    "facing=south,power=14,waterlogged=false": {
      "model": "embers_extended:block/silver_ember_dial",
      "x": 90,
      "y": 180
    },
    "facing=south,power=14,waterlogged=true": {
      "model": "embers_extended:block/silver_ember_dial",
      "x": 90,
      "y": 180
    },
    "facing=south,power=15,waterlogged=false": {
      "model": "embers_extended:block/silver_ember_dial",
      "x": 90,
      "y": 180
    },
    "facing=south,power=15,waterlogged=true": {
      "model": "embers_extended:block/silver_ember_dial",
      "x": 90,
      "y": 180
    },
    "facing=south,power=2,waterlogged=false": {
      "model": "embers_extended:block/silver_ember_dial",
      "x": 90,
      "y": 180
    },
    "facing=south,power=2,waterlogged=true": {
      "model": "embers_extended:block/silver_ember_dial",
      "x": 90,
      "y": 180
    },
    "facing=south,power=3,waterlogged=false": {
      "model": "embers_extended:block/silver_ember_dial",
      "x": 90,
      "y": 180
    },
    "facing=south,power=3,waterlogged=true": {
      "model": "embers_extended:block/silver_ember_dial",
      "x": 90,
      "y": 180
    },
    "facing=south,power=4,waterlogged=false": {
      "model": "embers_extended:block/silver_ember_dial",
      "x": 90,
      "y": 180
    },
    "facing=south,power=4,waterlogged=true": {
      "model": "embers_extended:block/silver_ember_dial",
      "x": 90,
      "y": 180
    },
    "facing=south,power=5,waterlogged=false": {
      "model": "embers_extended:block/silver_ember_dial",
      "x": 90,
      "y": 180
    },
    "facing=south,power=5,waterlogged=true": {
      "model": "embers_extended:block/silver_ember_dial",
      "x": 90,
      "y": 180
    },
    "facing=south,power=6,waterlogged=false": {
      "model": "embers_extended:block/silver_ember_dial",
      "x": 90,
      "y": 180
    },
    "facing=south,power=6,waterlogged=true": {
      "model": "embers_extended:block/silver_ember_dial",
      "x": 90,
      "y": 180
    },
    "facing=south,power=7,waterlogged=false": {
      "model": "embers_extended:block/silver_ember_dial",
      "x": 90,
      "y": 180
    },
    "facing=south,power=7,waterlogged=true": {
      "model": "embers_extended:block/silver_ember_dial",
      "x": 90,
      "y": 180
    },
    "facing=south,power=8,waterlogged=false": {
      "model": "embers_extended:block/silver_ember_dial",
      "x": 90,
      "y": 180
    },
    "facing=south,power=8,waterlogged=true": {
      "model": "embers_extended:block/silver_ember_dial",
      "x": 90,
      "y": 180
    },
    "facing=south,power=9,waterlogged=false": {
      "model": "embers_extended:block/silver_ember_dial",
      "x": 90,
      "y": 180
    },
    "facing=south,power=9,waterlogged=true": {
      "model": "embers_extended:block/silver_ember_dial",
      "x": 90,
      "y": 180
    },
    "facing=up,power=0,waterlogged=false": {
      "model": "embers_extended:block/silver_ember_dial"
    },
    "facing=up,power=0,waterlogged=true": {
      "model": "embers_extended:block/silver_ember_dial"
    },
    "facing=up,power=1,waterlogged=false": {
      "model": "embers_extended:block/silver_ember_dial"
    },
    "facing=up,power=1,waterlogged=true": {
      "model": "embers_extended:block/silver_ember_dial"
    },
    "facing=up,power=10,waterlogged=false": {
      "model": "embers_extended:block/silver_ember_dial"
    },
    "facing=up,power=10,waterlogged=true": {
      "model": "embers_extended:block/silver_ember_dial"
    },
    "facing=up,power=11,waterlogged=false": {
      "model": "embers_extended:block/silver_ember_dial"
    },
    "facing=up,power=11,waterlogged=true": {
      "model": "embers_extended:block/silver_ember_dial"
    },
    "facing=up,power=12,waterlogged=false": {
      "model": "embers_extended:block/silver_ember_dial"
    },
    "facing=up,power=12,waterlogged=true": {
      "model": "embers_extended:block/silver_ember_dial"
    },
    "facing=up,power=13,waterlogged=false": {
      "model": "embers_extended:block/silver_ember_dial"
    },
    "facing=up,power=13,waterlogged=true": {
      "model": "embers_extended:block/silver_ember_dial"
    },
    "facing=up,power=14,waterlogged=false": {
      "model": "embers_extended:block/silver_ember_dial"
    },
    "facing=up,power=14,waterlogged=true": {
      "model": "embers_extended:block/silver_ember_dial"
    },
    "facing=up,power=15,waterlogged=false": {
      "model": "embers_extended:block/silver_ember_dial"
    },
    "facing=up,power=15,waterlogged=true": {
      "model": "embers_extended:block/silver_ember_dial"
    },
    "facing=up,power=2,waterlogged=false": {
      "model": "embers_extended:block/silver_ember_dial"
    },
    "facing=up,power=2,waterlogged=true": {
      "model": "embers_extended:block/silver_ember_dial"
    },
    "facing=up,power=3,waterlogged=false": {
      "model": "embers_extended:block/silver_ember_dial"
    },
    "facing=up,power=3,waterlogged=true": {
      "model": "embers_extended:block/silver_ember_dial"
    },
    "facing=up,power=4,waterlogged=false": {
      "model": "embers_extended:block/silver_ember_dial"
    },
    "facing=up,power=4,waterlogged=true": {
      "model": "embers_extended:block/silver_ember_dial"
    },
    "facing=up,power=5,waterlogged=false": {
      "model": "embers_extended:block/silver_ember_dial"
    },
    "facing=up,power=5,waterlogged=true": {
      "model": "embers_extended:block/silver_ember_dial"
    },
    "facing=up,power=6,waterlogged=false": {
      "model": "embers_extended:block/silver_ember_dial"
    },
    "facing=up,power=6,waterlogged=true": {
      "model": "embers_extended:block/silver_ember_dial"
    },
    "facing=up,power=7,waterlogged=false": {
      "model": "embers_extended:block/silver_ember_dial"
    },
    "facing=up,power=7,waterlogged=true": {
      "model": "embers_extended:block/silver_ember_dial"
    },
    "facing=up,power=8,waterlogged=false": {
      "model": "embers_extended:block/silver_ember_dial"
    },
    "facing=up,power=8,waterlogged=true": {
      "model": "embers_extended:block/silver_ember_dial"
    },
    "facing=up,power=9,waterlogged=false": {
      "model": "embers_extended:block/silver_ember_dial"
    },
    "facing=up,power=9,waterlogged=true": {
      "model": "embers_extended:block/silver_ember_dial"
    },
    "facing=west,power=0,waterlogged=false": {
      "model": "embers_extended:block/silver_ember_dial",
      "x": 90,
      "y": 270
    },
    "facing=west,power=0,waterlogged=true": {
      "model": "embers_extended:block/silver_ember_dial",
      "x": 90,
      "y": 270
    },
    "facing=west,power=1,waterlogged=false": {
      "model": "embers_extended:block/silver_ember_dial",
      "x": 90,
      "y": 270
    },
    "facing=west,power=1,waterlogged=true": {
      "model": "embers_extended:block/silver_ember_dial",
      "x": 90,
      "y": 270
    },
    "facing=west,power=10,waterlogged=false": {
      "model": "embers_extended:block/silver_ember_dial",
      "x": 90,
      "y": 270
    },
    "facing=west,power=10,waterlogged=true": {
      "model": "embers_extended:block/silver_ember_dial",
      "x": 90,
      "y": 270
    },
    "facing=west,power=11,waterlogged=false": {
      "model": "embers_extended:block/silver_ember_dial",
      "x": 90,
      "y": 270
    },
    "facing=west,power=11,waterlogged=true": {
      "model": "embers_extended:block/silver_ember_dial",
      "x": 90,
      "y": 270
    },
    "facing=west,power=12,waterlogged=false": {
      "model": "embers_extended:block/silver_ember_dial",
      "x": 90,
      "y": 270
    },
    "facing=west,power=12,waterlogged=true": {
      "model": "embers_extended:block/silver_ember_dial",
      "x": 90,
      "y": 270
    },
    "facing=west,power=13,waterlogged=false": {
      "model": "embers_extended:block/silver_ember_dial",
      "x": 90,
      "y": 270
    },
    "facing=west,power=13,waterlogged=true": {
      "model": "embers_extended:block/silver_ember_dial",
      "x": 90,
      "y": 270
    },
    "facing=west,power=14,waterlogged=false": {
      "model": "embers_extended:block/silver_ember_dial",
      "x": 90,
      "y": 270
    },
    "facing=west,power=14,waterlogged=true": {
      "model": "embers_extended:block/silver_ember_dial",
      "x": 90,
      "y": 270
    },
    "facing=west,power=15,waterlogged=false": {
      "model": "embers_extended:block/silver_ember_dial",
      "x": 90,
      "y": 270
    },
    "facing=west,power=15,waterlogged=true": {
      "model": "embers_extended:block/silver_ember_dial",
      "x": 90,
      "y": 270
    },
    "facing=west,power=2,waterlogged=false": {
      "model": "embers_extended:block/silver_ember_dial",
      "x": 90,
      "y": 270
    },
    "facing=west,power=2,waterlogged=true": {
      "model": "embers_extended:block/silver_ember_dial",
      "x": 90,
      "y": 270
    },
    "facing=west,power=3,waterlogged=false": {
      "model": "embers_extended:block/silver_ember_dial",
      "x": 90,
      "y": 270
    },
    "facing=west,power=3,waterlogged=true": {
      "model": "embers_extended:block/silver_ember_dial",
      "x": 90,
      "y": 270
    },
    "facing=west,power=4,waterlogged=false": {
      "model": "embers_extended:block/silver_ember_dial",
      "x": 90,
      "y": 270
    },
    "facing=west,power=4,waterlogged=true": {
      "model": "embers_extended:block/silver_ember_dial",
      "x": 90,
      "y": 270
    },
    "facing=west,power=5,waterlogged=false": {
      "model": "embers_extended:block/silver_ember_dial",
      "x": 90,
      "y": 270
    },
    "facing=west,power=5,waterlogged=true": {
      "model": "embers_extended:block/silver_ember_dial",
      "x": 90,
      "y": 270
    },
    "facing=west,power=6,waterlogged=false": {
      "model": "embers_extended:block/silver_ember_dial",
      "x": 90,
      "y": 270
    },
    "facing=west,power=6,waterlogged=true": {
      "model": "embers_extended:block/silver_ember_dial",
      "x": 90,
      "y": 270
    },
    "facing=west,power=7,waterlogged=false": {
      "model": "embers_extended:block/silver_ember_dial",
      "x": 90,
      "y": 270
    },
    "facing=west,power=7,waterlogged=true": {
      "model": "embers_extended:block/silver_ember_dial",
      "x": 90,
      "y": 270
    },
    "facing=west,power=8,waterlogged=false": {
      "model": "embers_extended:block/silver_ember_dial",
      "x": 90,
      "y": 270
    },
    "facing=west,power=8,waterlogged=true": {
      "model": "embers_extended:block/silver_ember_dial",
      "x": 90,
      "y": 270
    },
    "facing=west,power=9,waterlogged=false": {
      "model": "embers_extended:block/silver_ember_dial",
      "x": 90,
      "y": 270
    },
    "facing=west,power=9,waterlogged=true": {
      "model": "embers_extended:block/silver_ember_dial",
      "x": 90,
      "y": 270
    }
  }
}