{
    "gui_light": "front",
    "parent":"embers:item/handheld_model_base",
    "textures": {
        "0": "embers:item/tool_parts_one",
        "1": "embers:item/tool_parts_three",
        "2": "embers:item/tool_parts_four",
        "3": "embers:item/tool_parts_two"
    },
    "elements": [
        {
            "name": "Cube",
            "from": [ 5.5, 7.0, 4.5 ], 
            "to": [ 10.5, 12.0, 9.5 ], 
            "faces": {
                "north": { "texture": "#0", "uv": [ 11.0, 9.0, 16.0, 14.0 ] },
                "east": { "texture": "#0", "uv": [ 11.0, 9.0, 16.0, 14.0 ] },
                "south": { "texture": "#0", "uv": [ 11.0, 9.0, 16.0, 14.0 ] },
                "west": { "texture": "#0", "uv": [ 11.0, 9.0, 16.0, 14.0 ] },
                "up": { "texture": "#0", "uv": [ 11.0, 9.0, 16.0, 14.0 ] },
                "down": { "texture": "#0", "uv": [ 11.0, 9.0, 16.0, 14.0 ] }
            }
        },
        {
            "name": "Cube",
            "from": [ 7.0, 6.0, 7.5 ], 
            "to": [ 9.0, 10.0, 14.5 ], 
            "rotation": { "origin": [ 8.0, 8.0, 10.0 ], "axis": "x", "angle": 22.5 },
            "faces": {
                "north": { "texture": "#1", "uv": [ 4.0, 0.0, 6.0, 4.0 ] },
                "east": { "texture": "#1", "uv": [ 4.0, 4.0, 11.0, 8.0 ] },
                "south": { "texture": "#1", "uv": [ 4.0, 0.0, 6.0, 4.0 ] },
                "west": { "texture": "#1", "uv": [ 4.0, 4.0, 11.0, 8.0 ] },
                "up": { "texture": "#1", "uv": [ 0.0, 0.0, 2.0, 7.0 ] },
                "down": { "texture": "#1", "uv": [ 0.0, 0.0, 2.0, 7.0 ] }
            }
        },
        {
            "name": "Cube",
            "from": [ 7.5, 5.0, 4.0 ], 
            "to": [ 8.5, 9.0, 8.0 ], 
            "faces": {
                "north": { "texture": "#0", "uv": [ 9.0, 0.0, 10.0, 4.0 ] },
                "east": { "texture": "#0", "uv": [ 9.0, 0.0, 13.0, 4.0 ] },
                "south": { "texture": "#0", "uv": [ 12.0, 0.0, 13.0, 4.0 ] },
                "west": { "texture": "#0", "uv": [ 9.0, 0.0, 13.0, 4.0 ] },
                "up": { "texture": "#0", "uv": [ 9.0, 0.0, 10.0, 4.0 ] },
                "down": { "texture": "#0", "uv": [ 12.0, 0.0, 13.0, 4.0 ] }
            }
        },
        {
            "name": "Cube",
            "from": [ 5.0, 6.5, 1.0 ], 
            "to": [ 11.0, 12.5, 5.0 ], 
            "faces": {
                "north": { "texture": "#2", "uv": [ 0.0, 0.0, 6.0, 6.0 ] },
                "east": { "texture": "#2", "uv": [ 6.0, 0.0, 10.0, 6.0 ] },
                "south": { "texture": "#2", "uv": [ 0.0, 0.0, 6.0, 6.0 ] },
                "west": { "texture": "#2", "uv": [ 6.0, 0.0, 10.0, 6.0 ] },
                "up": { "texture": "#2", "uv": [ 0.0, 6.0, 6.0, 10.0 ] },
                "down": { "texture": "#2", "uv": [ 0.0, 5.0, 6.0, 9.0 ] }
            }
        },
        {
            "name": "Cube",
            "from": [ 6.0, 7.5, -4.0 ], 
            "to": [ 10.0, 11.5, 0.0 ], 
            "faces": {
                "north": { "texture": "#3", "uv": [ 0.0, 0.0, 4.0, 4.0 ] },
                "east": { "texture": "#3", "uv": [ 0.0, 0.0, 4.0, 4.0 ] },
                "south": { "texture": "#3", "uv": [ 0.0, 0.0, 4.0, 4.0 ] },
                "west": { "texture": "#3", "uv": [ 0.0, 0.0, 4.0, 4.0 ] },
                "up": { "texture": "#3", "uv": [ 0.0, 0.0, 4.0, 4.0 ] },
                "down": { "texture": "#3", "uv": [ 0.0, 1.0, 4.0, 5.0 ] }
            }
        },
        {
            "name": "Cube",
            "from": [ 5.5, 7.0, -1.5 ], 
            "to": [ 10.5, 12.0, 1.5 ], 
            "faces": {
                "north": { "texture": "#1", "uv": [ 11.0, 7.0, 16.0, 12.0 ] },
                "east": { "texture": "#1", "uv": [ 11.0, 7.0, 14.0, 12.0 ] },
                "south": { "texture": "#1", "uv": [ 0.0, 0.0, 5.0, 5.0 ] },
                "west": { "texture": "#1", "uv": [ 12.0, 7.0, 15.0, 12.0 ] },
                "up": { "texture": "#1", "uv": [ 11.0, 8.0, 16.0, 11.0 ] },
                "down": { "texture": "#1", "uv": [ 11.0, 8.0, 16.0, 11.0 ] }
            }
        },
        {
            "name": "Cube",
            "from": [ 4.0, 7.5, -2.0 ], 
            "to": [ 6.0, 11.5, 2.0 ], 
            "faces": {
                "north": { "texture": "#0", "uv": [ 9.0, 0.0, 11.0, 4.0 ] },
                "east": { "texture": "#0", "uv": [ 9.0, 0.0, 13.0, 4.0 ] },
                "south": { "texture": "#0", "uv": [ 11.0, 9.0, 13.0, 13.0 ] },
                "west": { "texture": "#0", "uv": [ 9.0, 0.0, 13.0, 4.0 ] },
                "up": { "texture": "#0", "uv": [ 9.0, 0.0, 11.0, 4.0 ] },
                "down": { "texture": "#0", "uv": [ 9.0, 0.0, 11.0, 4.0 ] }
            }
        },
        {
            "name": "Cube",
            "from": [ 10.0, 7.5, -2.0 ], 
            "to": [ 12.0, 11.5, 2.0 ], 
            "faces": {
                "north": { "texture": "#0", "uv": [ 9.0, 0.0, 11.0, 4.0 ] },
                "east": { "texture": "#0", "uv": [ 9.0, 0.0, 13.0, 4.0 ] },
                "south": { "texture": "#0", "uv": [ 11.0, 9.0, 13.0, 13.0 ] },
                "west": { "texture": "#0", "uv": [ 9.0, 0.0, 13.0, 4.0 ] },
                "up": { "texture": "#0", "uv": [ 9.0, 0.0, 11.0, 4.0 ] },
                "down": { "texture": "#0", "uv": [ 9.0, 0.0, 11.0, 4.0 ] }
            }
        },
        {
            "name": "Cube",
            "from": [ 9.0, 8.5, -1.0 ], 
            "to": [ 12.0, 10.5, 4.0 ], 
            "rotation": { "origin": [ 12.0, 8.5, -1.0 ], "axis": "y", "angle": 45.0 },
            "faces": {
                "north": { "texture": "#1", "uv": [ 11.0, 0.0, 14.0, 2.0 ] },
                "east": { "texture": "#1", "uv": [ 4.0, 9.0, 9.0, 11.0 ] },
                "south": { "texture": "#1", "uv": [ 11.0, 3.0, 14.0, 5.0 ] },
                "west": { "texture": "#1", "uv": [ 4.0, 9.0, 9.0, 11.0 ] },
                "up": { "texture": "#1", "uv": [ 11.0, 0.0, 14.0, 5.0 ] },
                "down": { "texture": "#1", "uv": [ 11.0, 0.0, 14.0, 5.0 ] }
            }
        },
        {
            "name": "Cube",
            "from": [ 4.0, 8.5, -1.0 ], 
            "to": [ 7.0, 10.5, 4.0 ], 
            "rotation": { "origin": [ 4.0, 8.5, -1.0 ], "axis": "y", "angle": -45.0 },
            "faces": {
                "north": { "texture": "#1", "uv": [ 11.0, 0.0, 14.0, 2.0 ] },
                "east": { "texture": "#1", "uv": [ 4.0, 9.0, 9.0, 11.0 ] },
                "south": { "texture": "#1", "uv": [ 11.0, 3.0, 14.0, 5.0 ] },
                "west": { "texture": "#1", "uv": [ 4.0, 9.0, 9.0, 11.0 ] },
                "up": { "texture": "#1", "uv": [ 11.0, 0.0, 14.0, 5.0 ] },
                "down": { "texture": "#1", "uv": [ 11.0, 0.0, 14.0, 5.0 ] }
            }
        },
        {
            "name": "Cube",
            "from": [ 6.5, 10.0, 7.5 ], 
            "to": [ 9.5, 13.0, 10.5 ], 
            "faces": {
                "north": { "texture": "#2", "uv": [ 6.0, 6.0, 9.0, 9.0 ] },
                "east": { "texture": "#2", "uv": [ 6.0, 6.0, 9.0, 9.0 ] },
                "south": { "texture": "#2", "uv": [ 6.0, 6.0, 9.0, 9.0 ] },
                "west": { "texture": "#2", "uv": [ 6.0, 6.0, 9.0, 9.0 ] },
                "up": { "texture": "#2", "uv": [ 6.0, 6.0, 9.0, 9.0 ] },
                "down": { "texture": "#2", "uv": [ 6.0, 6.0, 9.0, 9.0 ] }
            }
        },
        {
            "name": "Cube",
            "from": [ 7.0, 12.0, 8.5 ], 
            "to": [ 9.0, 15.0, 10.5 ], 
            "rotation": { "origin": [ 8.0, 12.0, 9.5 ], "axis": "x", "angle": 22.5 },
            "faces": {
                "north": { "texture": "#2", "uv": [ 6.0, 9.0, 8.0, 12.0 ] },
                "east": { "texture": "#2", "uv": [ 6.0, 9.0, 8.0, 12.0 ] },
                "south": { "texture": "#2", "uv": [ 6.0, 9.0, 8.0, 12.0 ] },
                "west": { "texture": "#2", "uv": [ 6.0, 9.0, 8.0, 12.0 ] },
                "up": { "texture": "#2", "uv": [ 6.0, 9.0, 8.0, 11.0 ] },
                "down": { "texture": "#2", "uv": [ 6.0, 9.0, 8.0, 11.0 ] }
            }
        },
        {
            "name": "Cube",
            "from": [ 4.5, 10.0, -6.0 ], 
            "to": [ 7.5, 13.0, 4.0 ], 
            "shade": false,
            "faces": {
                "north": { "texture": "#3", "uv": [ 13.0, 0.0, 16.0, 3.0 ] },
                "east": { "texture": "#3", "uv": [ 3.0, 13.0, 13.0, 16.0 ] },
                "south": { "texture": "#3", "uv": [ 13.0, 0.0, 16.0, 3.0 ] },
                "west": { "texture": "#3", "uv": [ 3.0, 13.0, 13.0, 16.0 ] },
                "up": { "texture": "#3", "uv": [ 13.0, 2.0, 16.0, 12.0 ] },
                "down": { "texture": "#3", "uv": [ 13.0, 2.0, 16.0, 12.0 ] }
            }
        },
        {
            "name": "Cube",
            "from": [ 8.5, 10.0, -6.0 ], 
            "to": [ 11.5, 13.0, 4.0 ], 
            "shade": false,
            "faces": {
                "north": { "texture": "#3", "uv": [ 13.0, 0.0, 16.0, 3.0 ] },
                "east": { "texture": "#3", "uv": [ 3.0, 13.0, 13.0, 16.0 ] },
                "south": { "texture": "#3", "uv": [ 13.0, 0.0, 16.0, 3.0 ] },
                "west": { "texture": "#3", "uv": [ 3.0, 13.0, 13.0, 16.0 ] },
                "up": { "texture": "#3", "uv": [ 13.0, 2.0, 16.0, 12.0 ] },
                "down": { "texture": "#3", "uv": [ 13.0, 2.0, 16.0, 12.0 ] }
            }
        }
    ],
    "display": {
        "gui": {
            "rotation": [ 90, 45, -90 ],
            "translation": [ 1, -2.5, 0],
            "scale":[ 0.75, 0.75, 0.75 ]
        },
        "ground": {
            "rotation": [ 0, 90, 0 ],
            "translation": [ 0, 3, 0],
            "scale":[ 0.25, 0.25, 0.25 ]
        },
        "fixed": {
            "rotation": [ 0, 90, 0 ],
            "translation": [ 0, 0, 0],
            "scale":[ 0.5, 0.5, 0.5 ]
        },
        "firstperson_righthand": {
            "scale": [ 0.75, 0.75, 0.75 ]
        },
        "firstperson_lefthand": {
            "scale": [ 0.75, 0.75, 0.75 ]
        }
    }
}